﻿<?xml version="1.0" encoding="utf-8" standalone="yes" ?>
<Rules>
  <Rule Type="Action|System|Stop" ApplyTo="PurchaseOrder">
    <Condition>      
      <LogicalOperation Operator=">">
        <Operand Type="Fixed|Mapped"  MappingField="Name">
          <FixedValue>Gurpreet</FixedValue>
        </Operand>
        <Operand Type="Fixed|Mapped" MappingField="Name">
          <FixedValue></FixedValue>
        </Operand>
      </LogicalOperation>

      <ArithmaticOperation Operator="Arithmatic">
        <Operand Type="Fixed|Mapped"  MappingField="Name">
          <FixedValue>Gurpreet</FixedValue>
        </Operand>
        <Operand Type="Fixed|Mapped" MappingField="Name">
          <FixedValue></FixedValue>
        </Operand>
      </ArithmaticOperation>
    </Condition>
  </Rule>

  <Rule Level="PurchaseOrder">
    <Condition>
      <LogicalOperation Operator=">">
        <Operand Type="Fixed|Mapped"  MappingField="Name">
          <FixedValue>Gurpreet</FixedValue>
        </Operand>
        <Operand Type="Fixed|Mapped" MappingField="Name">
          <FixedValue></FixedValue>
        </Operand>
      </LogicalOperation>
      <ArithmaticOperation Operator="Arithmatic">
        <Operand Type="Fixed|Mapped"  MappingField="Name">
          <FixedValue>Gurpreet</FixedValue>
        </Operand>
        <Operand Type="Fixed|Mapped" MappingField="Name">
          <FixedValue></FixedValue>
        </Operand>
      </ArithmaticOperation>
    </Condition>
  </Rule>
<![CDATA[
Arithmetic 	** 	right to left
            * 	/ 	left to right
            + 	- 	left to right
Relational 	< 	<= 	> 	>= 	== 	/= 	none
Logical 	.NOT. 	right to left
          .AND. 	left to right
          .OR. 	  left to right
          .EQV. 	.NEQV. 	left to right 
]]>
</Rules>