﻿<?xml version="1.0" encoding="utf-8" standalone="yes" ?>
<Rules>
  <Rule Level="PurchaseOrder">
    <Condition>
      <LogicalOperation Operator=">">
        <Operand Type="Fixed|Mapped"  MappingField="Name">
          <FixedValue>Gurpreet</FixedValue>
        </Operand>
        <Operand Type="Fixed|Mapped" MappingField="Name">
          <FixedValue></FixedValue>
        </Operand>
      </LogicalOperation>

      <ArithmaticOperation Operator="Arithmatic">
        <Operand Type="Fixed|Mapped"  MappingField="Name">
          <FixedValue>Gurpreet</FixedValue>
        </Operand>
        <Operand Type="Fixed|Mapped" MappingField="Name">
          <FixedValue></FixedValue>
        </Operand>
      </ArithmaticOperation>
    </Condition>
  </Rule>

  <Rule Level="PurchaseOrder">
    <Condition>
      <LogicalOperation Operator=">">
        <Operand Type="Fixed|Mapped"  MappingField="Name">
          <FixedValue>Gurpreet</FixedValue>
        </Operand>
        <Operand Type="Fixed|Mapped" MappingField="Name">
          <FixedValue></FixedValue>
        </Operand>
      </LogicalOperation>
      <ArithmaticOperation Operator="Arithmatic">
        <Operand Type="Fixed|Mapped"  MappingField="Name">
          <FixedValue>Gurpreet</FixedValue>
        </Operand>
        <Operand Type="Fixed|Mapped" MappingField="Name">
          <FixedValue></FixedValue>
        </Operand>
      </ArithmaticOperation>
    </Condition>
  </Rule>
</Rules>