﻿<?xml version="1.0" encoding="utf-8" standalone="yes" ?>
<!DOCTYPE MetaInfo [
  <!ELEMENT MetaInfo (ValueConstant*, Resource*, Page* )>

  <!ELEMENT Page (Introduction, Title, Description, Keywords,MetaTag*)>
  <!ATTLIST Page Key CDATA #REQUIRED>

  <!ELEMENT ValueConstant EMPTY>
  <!ATTLIST ValueConstant Key CDATA #REQUIRED>
  <!ATTLIST ValueConstant Value CDATA #REQUIRED>

  <!ELEMENT MetaTag  EMPTY>

  <!ATTLIST MetaTag Tag CDATA #REQUIRED>
  <!ATTLIST MetaTag Value CDATA #REQUIRED>

  <!ELEMENT Introduction (#PCDATA)>

  <!ELEMENT Title (#PCDATA)>
  <!ELEMENT Description (#PCDATA)>
  <!ELEMENT Keywords (#PCDATA)>

  <!ELEMENT Resource EMPTY>
  <!ATTLIST Resource Key CDATA #REQUIRED>
  <!ATTLIST Resource Type CDATA #REQUIRED>
  <!ATTLIST Resource URI CDATA  #REQUIRED>

]>
<MetaInfo>  
  <ValueConstant Key="xmltoolmenutitle" Value="XML Converter ToolBox"/>
  <ValueConstant Key="Introduction" Value="Tictacbrains.com is a set of XML converter tools. Convert your XML to SQL script, C#, JSON and HTML in just few clicks, Note: we are improving and your valuable suggestion is warmly welcome."/>
  <ValueConstant Key="Keywords" Value="XML to SQL converter, XML to Json converter, XML to SQL, XML to CSharp, XML converter, Converter, XML"></ValueConstant>
  <ValueConstant Key="Title" Value="XML Converter, XML to SQL converter, XML to Json converter, XML to SQL, XML to CSharp, XML converter, Converter, XML"></ValueConstant>

  <ValueConstant Key="PageMainTitle" Value="XML Converter Tools"></ValueConstant>
  

  <Page Key="XML2SQL">
    <Introduction>      
    </Introduction>
    <Title>XML to SQL Script Converter</Title>
    <Description>Simply generate SQL script diretly from an XML file</Description>
    <Keywords> </Keywords>
    <MetaTag Tag="SBN" Value="123"/>
  </Page>


  <Page Key="XML2CSHARP">
    <Introduction>
      XML is most easy to understand data format, and this simple tool that converts the XML structure to code classes(CSharp) that saves your precious time. This will allow user to create Serilizable, DataContract or POCO classes.
    </Introduction>

    <Title>XML structure to CSharp Classes</Title>
    <Description>Generate Csharp code classes from XML</Description>
    <Keywords>SQL, XML, C#, Converter, XML Converter, SQL generator, XML to SQL, </Keywords>

  </Page>


  <Page Key="XML2JSON">
    <Introduction>
      XML is one of most easy to understand data format, and this simple tool that converts the XMl data format to JSON format. JSON is a widely used format.
    </Introduction>

    <Title>XML data format to JSON format Converter</Title>
    <Description>Simply generate SQL script diretly from an XML file</Description>
    <Keywords>SQL, XML, Converter, XML converter, SQL generator, XML to SQL, </Keywords>

  </Page>


  <Page Key="XMLTOHTML">
    <Introduction>
      XML is most easy to understand data format, and this simple tool that can convert XML to hierarchical html data, XML to html is very hadly easy to read and HTML can be downloaded, shared or published.
    </Introduction>

    <Title>XML to HTML Converter</Title>
    <Description>Simply generate HTML tables from XML for easy reading , share and publish in web pages.</Description>
    <Keywords>SQL, XML, Converter, XML converter, SQL generator, XML to SQL, </Keywords>

  </Page>

</MetaInfo>
