﻿<?xml version="1.0" encoding="utf-8" ?>
<tables>
  <Visitor>
    <SessionID>216.58.196.14</SessionID>
    <StartTime>216.58.196.14</StartTime>
    <EndTime>216.58.196.14</EndTime>
    <IP>216.58.196.14</IP>
    <CountryCode>US</CountryCode>
    <CountryName>United States</CountryName>
    <RegionCode>CA</RegionCode>
    <RegionName>California</RegionName>
    <City>Mountain View</City>
    <ZipCode>94043</ZipCode>
    <TimeZone>America/Los_Angeles</TimeZone>
    <Latitude>37.4192</Latitude>
    <Longitude>-122.0574</Longitude>
    <MetroCode>807</MetroCode>
    <PageVisited>
      <SessionID></SessionID>
      <URL></URL>
      <PostData></PostData>
      <CreateDate></CreateDate>
    </PageVisited>
  </Visitor>
  


  <Discussion>
    <Type></Type>
    <Comment></Comment>
    <CreateDate></CreateDate>    
  </Discussion>


</tables>