﻿<?xml version="1.0"?>
<DTS:Executable xmlns:DTS="www.microsoft.com/SqlServer/Dts" DTS:ExecutableType="MSDTS.Package.1">
  <DTS:Property DTS:Name="PackageFormatVersion">2</DTS:Property>
  <DTS:Property DTS:Name="VersionComments"></DTS:Property>
  <DTS:Property DTS:Name="CreatorName"></DTS:Property>
  <DTS:Property DTS:Name="CreatorComputerName"></DTS:Property>
  <DTS:Property DTS:Name="CreationDate" DTS:DataType="7">4/18/2003 11:57:00 AM</DTS:Property>
  <DTS:Property DTS:Name="PackageType">0</DTS:Property>
  <DTS:Property DTS:Name="ProtectionLevel">0</DTS:Property>
  <DTS:Property DTS:Name="MaxConcurrentExecutables">-1</DTS:Property>
  <DTS:Property DTS:Name="PackagePriorityClass">0</DTS:Property>
  <DTS:Property DTS:Name="VersionMajor">1</DTS:Property>
  <DTS:Property DTS:Name="VersionMinor">0</DTS:Property>
  <DTS:Property DTS:Name="VersionBuild">222</DTS:Property>
  <DTS:Property DTS:Name="VersionGUID">{0F8CAFF3-BB08-45DD-A56B-6829E9051C18}</DTS:Property>
  <DTS:Property DTS:Name="EnableConfig">0</DTS:Property>
  <DTS:Property DTS:Name="CheckpointFileName"></DTS:Property>
  <DTS:Property DTS:Name="SaveCheckpoints">0</DTS:Property>
  <DTS:Property DTS:Name="CheckpointUsage">0</DTS:Property>
  <DTS:Property DTS:Name="SuppressConfigurationWarnings">0</DTS:Property>
  <DTS:ConnectionManager>
    <DTS:Property DTS:Name="DelayValidation">0</DTS:Property>
    <DTS:Property DTS:Name="ObjectName">(local).AdventureWorks</DTS:Property>
    <DTS:Property DTS:Name="DTSID">{F14C1903-0CC3-4412-8F3D-95F3F7372770}</DTS:Property>
    <DTS:Property DTS:Name="Description"></DTS:Property>
    <DTS:Property DTS:Name="CreationName">OLEDB</DTS:Property>
    <DTS:ObjectData>
      <DTS:ConnectionManager>
        <DTS:Property DTS:Name="Retain">0</DTS:Property>
        <DTS:Property DTS:Name="ConnectionString">Data Source=(local);Initial Catalog=AdventureWorks;Provider=SQLNCLI10.1;Integrated Security=SSPI;Auto Translate=False;</DTS:Property>
      </DTS:ConnectionManager>
    </DTS:ObjectData>
  </DTS:ConnectionManager>
  <DTS:ConnectionManager>
    <DTS:Property DTS:Name="DelayValidation">0</DTS:Property>
    <DTS:Property DTS:Name="ObjectName">Sample Data</DTS:Property>
    <DTS:Property DTS:Name="DTSID">{7BCB6C99-B9A8-4649-B17E-2ADF1272445C}</DTS:Property>
    <DTS:Property DTS:Name="Description"></DTS:Property>
    <DTS:Property DTS:Name="CreationName">MULTIFLATFILE</DTS:Property>
    <DTS:ObjectData>
      <DTS:ConnectionManager>
        <DTS:Property DTS:Name="FileUsageType">0</DTS:Property>
        <DTS:Property DTS:Name="Format">Delimited</DTS:Property>
        <DTS:Property DTS:Name="LocaleID">1033</DTS:Property>
        <DTS:Property DTS:Name="Unicode">0</DTS:Property>
        <DTS:Property DTS:Name="HeaderRowsToSkip">0</DTS:Property>
        <DTS:Property DTS:Name="HeaderRowDelimiter" xml:space="preserve">_x000D__x000A_</DTS:Property>
        <DTS:Property DTS:Name="ColumnNamesInFirstDataRow">0</DTS:Property>
        <DTS:Property DTS:Name="RowDelimiter" xml:space="preserve"></DTS:Property>
        <DTS:Property DTS:Name="DataRowsToSkip">0</DTS:Property>
        <DTS:Property DTS:Name="TextQualifier">&lt;none&gt;</DTS:Property>
        <DTS:Property DTS:Name="CodePage">1252</DTS:Property>
        <DTS:FlatFileColumn>
          <DTS:Property DTS:Name="ColumnType">Delimited</DTS:Property>
          <DTS:Property DTS:Name="ColumnDelimiter" xml:space="preserve">_x002C_</DTS:Property>
          <DTS:Property DTS:Name="ColumnWidth">0</DTS:Property>
          <DTS:Property DTS:Name="MaximumWidth">50</DTS:Property>
          <DTS:Property DTS:Name="DataType">130</DTS:Property>
          <DTS:Property DTS:Name="DataPrecision">0</DTS:Property>
          <DTS:Property DTS:Name="DataScale">0</DTS:Property>
          <DTS:Property DTS:Name="TextQualified">-1</DTS:Property>
          <DTS:Property DTS:Name="ObjectName">Column 0</DTS:Property>
          <DTS:Property DTS:Name="DTSID">{E79A9107-3E0A-48C3-90AC-F3CC4117451D}</DTS:Property>
          <DTS:Property DTS:Name="Description"></DTS:Property>
          <DTS:Property DTS:Name="CreationName"></DTS:Property>
        </DTS:FlatFileColumn>
        <DTS:FlatFileColumn>
          <DTS:Property DTS:Name="ColumnType">Delimited</DTS:Property>
          <DTS:Property DTS:Name="ColumnDelimiter" xml:space="preserve">_x002C_</DTS:Property>
          <DTS:Property DTS:Name="ColumnWidth">0</DTS:Property>
          <DTS:Property DTS:Name="MaximumWidth">50</DTS:Property>
          <DTS:Property DTS:Name="DataType">130</DTS:Property>
          <DTS:Property DTS:Name="DataPrecision">0</DTS:Property>
          <DTS:Property DTS:Name="DataScale">0</DTS:Property>
          <DTS:Property DTS:Name="TextQualified">-1</DTS:Property>
          <DTS:Property DTS:Name="ObjectName">Column 1</DTS:Property>
          <DTS:Property DTS:Name="DTSID">{CCD2E727-29A0-422B-9690-B07287A4F227}</DTS:Property>
          <DTS:Property DTS:Name="Description"></DTS:Property>
          <DTS:Property DTS:Name="CreationName"></DTS:Property>
        </DTS:FlatFileColumn>
        <DTS:FlatFileColumn>
          <DTS:Property DTS:Name="ColumnType">Delimited</DTS:Property>
          <DTS:Property DTS:Name="ColumnDelimiter" xml:space="preserve">_x002C_</DTS:Property>
          <DTS:Property DTS:Name="ColumnWidth">0</DTS:Property>
          <DTS:Property DTS:Name="MaximumWidth">50</DTS:Property>
          <DTS:Property DTS:Name="DataType">130</DTS:Property>
          <DTS:Property DTS:Name="DataPrecision">0</DTS:Property>
          <DTS:Property DTS:Name="DataScale">0</DTS:Property>
          <DTS:Property DTS:Name="TextQualified">-1</DTS:Property>
          <DTS:Property DTS:Name="ObjectName">Column 2</DTS:Property>
          <DTS:Property DTS:Name="DTSID">{01409A5E-0FF9-40D0-BC61-E2E9BA380E38}</DTS:Property>
          <DTS:Property DTS:Name="Description"></DTS:Property>
          <DTS:Property DTS:Name="CreationName"></DTS:Property>
        </DTS:FlatFileColumn>
        <DTS:FlatFileColumn>
          <DTS:Property DTS:Name="ColumnType">Delimited</DTS:Property>
          <DTS:Property DTS:Name="ColumnDelimiter" xml:space="preserve">_x002C_</DTS:Property>
          <DTS:Property DTS:Name="ColumnWidth">0</DTS:Property>
          <DTS:Property DTS:Name="MaximumWidth">50</DTS:Property>
          <DTS:Property DTS:Name="DataType">130</DTS:Property>
          <DTS:Property DTS:Name="DataPrecision">0</DTS:Property>
          <DTS:Property DTS:Name="DataScale">0</DTS:Property>
          <DTS:Property DTS:Name="TextQualified">-1</DTS:Property>
          <DTS:Property DTS:Name="ObjectName">Column 3</DTS:Property>
          <DTS:Property DTS:Name="DTSID">{A1968110-506E-4F46-AAA0-208664EB9D36}</DTS:Property>
          <DTS:Property DTS:Name="Description"></DTS:Property>
          <DTS:Property DTS:Name="CreationName"></DTS:Property>
        </DTS:FlatFileColumn>
        <DTS:FlatFileColumn>
          <DTS:Property DTS:Name="ColumnType">Delimited</DTS:Property>
          <DTS:Property DTS:Name="ColumnDelimiter" xml:space="preserve">_x002C_</DTS:Property>
          <DTS:Property DTS:Name="ColumnWidth">0</DTS:Property>
          <DTS:Property DTS:Name="MaximumWidth">50</DTS:Property>
          <DTS:Property DTS:Name="DataType">130</DTS:Property>
          <DTS:Property DTS:Name="DataPrecision">0</DTS:Property>
          <DTS:Property DTS:Name="DataScale">0</DTS:Property>
          <DTS:Property DTS:Name="TextQualified">-1</DTS:Property>
          <DTS:Property DTS:Name="ObjectName">Column 4</DTS:Property>
          <DTS:Property DTS:Name="DTSID">{5C07E5FE-7514-4341-A3F6-1826B6EBF74C}</DTS:Property>
          <DTS:Property DTS:Name="Description"></DTS:Property>
          <DTS:Property DTS:Name="CreationName"></DTS:Property>
        </DTS:FlatFileColumn>
        <DTS:FlatFileColumn>
          <DTS:Property DTS:Name="ColumnType">Delimited</DTS:Property>
          <DTS:Property DTS:Name="ColumnDelimiter" xml:space="preserve">_x002C_</DTS:Property>
          <DTS:Property DTS:Name="ColumnWidth">0</DTS:Property>
          <DTS:Property DTS:Name="MaximumWidth">50</DTS:Property>
          <DTS:Property DTS:Name="DataType">130</DTS:Property>
          <DTS:Property DTS:Name="DataPrecision">0</DTS:Property>
          <DTS:Property DTS:Name="DataScale">0</DTS:Property>
          <DTS:Property DTS:Name="TextQualified">-1</DTS:Property>
          <DTS:Property DTS:Name="ObjectName">Column 5</DTS:Property>
          <DTS:Property DTS:Name="DTSID">{3AA75060-A147-4E53-B3A0-20F97B268A09}</DTS:Property>
          <DTS:Property DTS:Name="Description"></DTS:Property>
          <DTS:Property DTS:Name="CreationName"></DTS:Property>
        </DTS:FlatFileColumn>
        <DTS:FlatFileColumn>
          <DTS:Property DTS:Name="ColumnType">Delimited</DTS:Property>
          <DTS:Property DTS:Name="ColumnDelimiter" xml:space="preserve">_x002C_</DTS:Property>
          <DTS:Property DTS:Name="ColumnWidth">0</DTS:Property>
          <DTS:Property DTS:Name="MaximumWidth">50</DTS:Property>
          <DTS:Property DTS:Name="DataType">130</DTS:Property>
          <DTS:Property DTS:Name="DataPrecision">0</DTS:Property>
          <DTS:Property DTS:Name="DataScale">0</DTS:Property>
          <DTS:Property DTS:Name="TextQualified">-1</DTS:Property>
          <DTS:Property DTS:Name="ObjectName">Column 6</DTS:Property>
          <DTS:Property DTS:Name="DTSID">{AA794016-EB54-4084-B25F-94DA06C00E6C}</DTS:Property>
          <DTS:Property DTS:Name="Description"></DTS:Property>
          <DTS:Property DTS:Name="CreationName"></DTS:Property>
        </DTS:FlatFileColumn>
        <DTS:FlatFileColumn>
          <DTS:Property DTS:Name="ColumnType">Delimited</DTS:Property>
          <DTS:Property DTS:Name="ColumnDelimiter" xml:space="preserve">_x000D__x000A_</DTS:Property>
          <DTS:Property DTS:Name="ColumnWidth">0</DTS:Property>
          <DTS:Property DTS:Name="MaximumWidth">50</DTS:Property>
          <DTS:Property DTS:Name="DataType">130</DTS:Property>
          <DTS:Property DTS:Name="DataPrecision">0</DTS:Property>
          <DTS:Property DTS:Name="DataScale">0</DTS:Property>
          <DTS:Property DTS:Name="TextQualified">-1</DTS:Property>
          <DTS:Property DTS:Name="ObjectName">Column 7</DTS:Property>
          <DTS:Property DTS:Name="DTSID">{639115F1-4DBC-462B-BB03-7721CFD3477B}</DTS:Property>
          <DTS:Property DTS:Name="Description"></DTS:Property>
          <DTS:Property DTS:Name="CreationName"></DTS:Property>
        </DTS:FlatFileColumn>
        <DTS:Property DTS:Name="ConnectionString">C:\Program Files\Microsoft SQL Server\100\Samples\Integration Services\Package Samples\CaptureDataLineage Sample\DataFiles\*.txt</DTS:Property>
      </DTS:ConnectionManager>
    </DTS:ObjectData>
  </DTS:ConnectionManager>
  <DTS:PackageVariable>
    <DTS:Property DTS:Name="PackageVariableValue" DTS:DataType="8">
      &lt;TaskHost xmlns:xsd="http://www.w3.org/2001/XMLSchema" xmlns:xsi="http://www.w3.org/2001/XMLSchema-instance" xmlns:dwd="http://schemas.microsoft.com/DataWarehouse/Designer/1.0"&gt;&lt;dwd:DtsDataFlowDiagram&gt;&lt;dwd:Layout&gt;&lt;dds&gt;
      &lt;diagram fontclsid="{0BE35203-8F91-11CE-9DE3-00AA004BB851}" mouseiconclsid="{0BE35204-8F91-11CE-9DE3-00AA004BB851}" defaultlayout="Microsoft.DataWarehouse.Layout.GraphLayout" defaultlineroute="Microsoft.DataWarehouse.Layout.GraphLayout" version="7" nextobject="15" scale="100" pagebreakanchorx="0" pagebreakanchory="0" pagebreaksizex="0" pagebreaksizey="0" scrollleft="-5175" scrolltop="-1231" gridx="150" gridy="150" marginx="1000" marginy="1000" zoom="100" x="10239" y="9922" backcolor="15334399" defaultpersistence="2" PrintPageNumbersMode="3" PrintMarginTop="0" PrintMarginBottom="635" PrintMarginLeft="0" PrintMarginRight="0" marqueeselectionmode="1" mousepointer="0" snaptogrid="0" autotypeannotation="1" showscrollbars="0" viewpagebreaks="0" donotforceconnectorsbehindshapes="0" backpictureclsid="{00000000-0000-0000-0000-000000000000}"&gt;
      &lt;font&gt;
      &lt;ddsxmlobjectstreamwrapper binary="01010000900180380100065461686f6d61" /&gt;
      &lt;/font&gt;
      &lt;mouseicon&gt;&lt;ddsxmlobjectstreamwrapper binary="6c74000000000000" /&gt;
      &lt;/mouseicon&gt;
      &lt;/diagram&gt;
      &lt;layoutmanager&gt;&lt;ddsxmlobj /&gt;
      &lt;/layoutmanager&gt;
      &lt;ddscontrol controlprogid="DdsShapes.DdsObjectManagedBridge.1" tooltip="Adds lineage information to each row" left="-4175" top="1690" logicalid="6" controlid="1" masterid="0" hint1="0" hint2="0" width="4180" height="1164" noresize="0" nomove="0" nodefaultattachpoints="0" autodrag="1" usedefaultiddshape="1" selectable="1" showselectionhandles="1" allownudging="1" isannotation="0" dontautolayout="0" groupcollapsed="0" tabstop="1" visible="1" snaptogrid="0"&gt;&lt;control&gt;&lt;ddsxmlobjectstreaminitwrapper binary="00080000541000008c040000" /&gt;
      &lt;/control&gt;
      &lt;layoutobject&gt;&lt;ddsxmlobj&gt;&lt;property name="LogicalObject" value="{C773D959-A42F-4C4C-99C5-C05ADF045792}/components/4511" vartype="8" /&gt;
      &lt;property name="ShowConnectorSource" value="0" vartype="2" /&gt;
      &lt;/ddsxmlobj&gt;
      &lt;/layoutobject&gt;
      &lt;shape groupshapeid="0" groupnode="0" /&gt;
      &lt;/ddscontrol&gt;
      &lt;ddscontrol controlprogid="DdsShapes.DdsObjectManagedBridge.1" tooltip="OLE DB Destination Component" left="-4175" top="3632" logicalid="7" controlid="2" masterid="0" hint1="0" hint2="0" width="4180" height="1164" noresize="0" nomove="0" nodefaultattachpoints="0" autodrag="1" usedefaultiddshape="1" selectable="1" showselectionhandles="1" allownudging="1" isannotation="0" dontautolayout="0" groupcollapsed="0" tabstop="1" visible="1" snaptogrid="0"&gt;&lt;control&gt;&lt;ddsxmlobjectstreaminitwrapper binary="00080000541000008c040000" /&gt;
      &lt;/control&gt;
      &lt;layoutobject&gt;&lt;ddsxmlobj&gt;&lt;property name="LogicalObject" value="{C773D959-A42F-4C4C-99C5-C05ADF045792}/components/5550" vartype="8" /&gt;
      &lt;property name="ShowConnectorSource" value="0" vartype="2" /&gt;
      &lt;/ddsxmlobj&gt;
      &lt;/layoutobject&gt;
      &lt;shape groupshapeid="0" groupnode="0" /&gt;
      &lt;/ddscontrol&gt;
      &lt;ddscontrol controlprogid="MSDDS.Polyline" left="-2484" top="2455" logicalid="8" controlid="3" masterid="0" hint1="0" hint2="0" width="799" height="1677" noresize="0" nomove="0" nodefaultattachpoints="1" autodrag="0" usedefaultiddshape="0" selectable="1" showselectionhandles="0" allownudging="1" isannotation="0" dontautolayout="0" groupcollapsed="0" tabstop="1" visible="1" snaptogrid="0"&gt;&lt;control&gt;&lt;ddsxmlobj&gt;&lt;polyline endtypedst="3" endtypesrc="1" usercolor="32768" linestyle="0" linerender="1" customendtypedstid="0" customendtypesrcid="0" adornsvisible="1" /&gt;
      &lt;/ddsxmlobj&gt;
      &lt;/control&gt;
      &lt;layoutobject&gt;&lt;ddsxmlobj&gt;&lt;property name="LogicalObject" value="{C773D959-A42F-4C4C-99C5-C05ADF045792}/paths/5567" vartype="8" /&gt;
      &lt;property name="Virtual" value="0" vartype="11" /&gt;
      &lt;property name="VisibleAP" value="0" vartype="3" /&gt;
      &lt;/ddsxmlobj&gt;
      &lt;/layoutobject&gt;
      &lt;connector lineroutestyle="Microsoft.DataWarehouse.Layout.GraphLayout" sourceid="1" destid="2" sourceattachpoint="7" destattachpoint="6" segmenteditmode="0" bendpointeditmode="0" bendpointvisibility="2" relatedid="0" virtual="0"&gt;&lt;point x="-2085" y="2854" /&gt;
      &lt;point x="-2085" y="3632" /&gt;
      &lt;/connector&gt;
      &lt;/ddscontrol&gt;
      &lt;ddscontrol controlprogid="DdsShapes.DdsObjectManagedBridge.1" tooltip="Flat File Source Component" left="-4175" top="-231" logicalid="9" controlid="4" masterid="0" hint1="0" hint2="0" width="4180" height="1164" noresize="0" nomove="0" nodefaultattachpoints="0" autodrag="1" usedefaultiddshape="1" selectable="1" showselectionhandles="1" allownudging="1" isannotation="0" dontautolayout="0" groupcollapsed="0" tabstop="1" visible="1" snaptogrid="0"&gt;&lt;control&gt;&lt;ddsxmlobjectstreaminitwrapper binary="00080000541000008c040000" /&gt;
      &lt;/control&gt;
      &lt;layoutobject&gt;&lt;ddsxmlobj&gt;&lt;property name="LogicalObject" value="{C773D959-A42F-4C4C-99C5-C05ADF045792}/components/5725" vartype="8" /&gt;
      &lt;property name="ShowConnectorSource" value="0" vartype="2" /&gt;
      &lt;/ddsxmlobj&gt;
      &lt;/layoutobject&gt;
      &lt;shape groupshapeid="0" groupnode="0" /&gt;
      &lt;/ddscontrol&gt;
      &lt;ddscontrol controlprogid="MSDDS.Polyline" left="-2484" top="534" logicalid="10" controlid="5" masterid="0" hint1="0" hint2="0" width="799" height="1656" noresize="0" nomove="0" nodefaultattachpoints="1" autodrag="0" usedefaultiddshape="0" selectable="1" showselectionhandles="0" allownudging="1" isannotation="0" dontautolayout="0" groupcollapsed="0" tabstop="1" visible="1" snaptogrid="0"&gt;&lt;control&gt;&lt;ddsxmlobj&gt;&lt;polyline endtypedst="3" endtypesrc="1" usercolor="32768" linestyle="0" linerender="1" customendtypedstid="0" customendtypesrcid="0" adornsvisible="1" /&gt;
      &lt;/ddsxmlobj&gt;
      &lt;/control&gt;
      &lt;layoutobject&gt;&lt;ddsxmlobj&gt;&lt;property name="LogicalObject" value="{C773D959-A42F-4C4C-99C5-C05ADF045792}/paths/5734" vartype="8" /&gt;
      &lt;property name="Virtual" value="0" vartype="11" /&gt;
      &lt;property name="VisibleAP" value="0" vartype="3" /&gt;
      &lt;/ddsxmlobj&gt;
      &lt;/layoutobject&gt;
      &lt;connector lineroutestyle="Microsoft.DataWarehouse.Layout.GraphLayout" sourceid="4" destid="1" sourceattachpoint="7" destattachpoint="6" segmenteditmode="0" bendpointeditmode="0" bendpointvisibility="2" relatedid="0" virtual="0"&gt;&lt;point x="-2085" y="933" /&gt;
      &lt;point x="-2085" y="1690" /&gt;
      &lt;/connector&gt;
      &lt;/ddscontrol&gt;
      &lt;/dds&gt;&lt;/dwd:Layout&gt;&lt;dwd:PersistedViewPortLeft&gt;-5175&lt;/dwd:PersistedViewPortLeft&gt;&lt;dwd:PersistedViewPortTop&gt;-1231&lt;/dwd:PersistedViewPortTop&gt;&lt;/dwd:DtsDataFlowDiagram&gt;&lt;dwd:DtsComponentDesignerPropertiesList&gt;&lt;dwd:DtsComponentDesignTimeProperty&gt;&lt;dwd:key xsi:type="xsd:string"&gt;5550	TableInfoObjectType&lt;/dwd:key&gt;&lt;dwd:value xsi:type="xsd:string"&gt;Table&lt;/dwd:value&gt;&lt;/dwd:DtsComponentDesignTimeProperty&gt;&lt;dwd:DtsComponentDesignTimeProperty&gt;&lt;dwd:key xsi:type="xsd:string"&gt;5129	TableInfoObjectType&lt;/dwd:key&gt;&lt;dwd:value xsi:type="xsd:string"&gt;Table&lt;/dwd:value&gt;&lt;/dwd:DtsComponentDesignTimeProperty&gt;&lt;dwd:DtsComponentDesignTimeProperty&gt;&lt;dwd:key xsi:type="xsd:string"&gt;4522	UsedTableName&lt;/dwd:key&gt;&lt;dwd:value xsi:type="xsd:string"&gt;[dbo].[Lineage_Fact_Table]&lt;/dwd:value&gt;&lt;/dwd:DtsComponentDesignTimeProperty&gt;&lt;dwd:DtsComponentDesignTimeProperty&gt;&lt;dwd:key xsi:type="xsd:string"&gt;1732	UsedTableName&lt;/dwd:key&gt;&lt;dwd:value xsi:type="xsd:string"&gt;[dbo].[Lineage_Fact_Table]&lt;/dwd:value&gt;&lt;/dwd:DtsComponentDesignTimeProperty&gt;&lt;dwd:DtsComponentDesignTimeProperty&gt;&lt;dwd:key xsi:type="xsd:string"&gt;37	UsedTableName&lt;/dwd:key&gt;&lt;dwd:value xsi:type="xsd:string"&gt;[dbo].[Lineage_Fact_Table]&lt;/dwd:value&gt;&lt;/dwd:DtsComponentDesignTimeProperty&gt;&lt;dwd:DtsComponentDesignTimeProperty&gt;&lt;dwd:key xsi:type="xsd:string"&gt;37	DataSourceViewID&lt;/dwd:key&gt;&lt;/dwd:DtsComponentDesignTimeProperty&gt;&lt;dwd:DtsComponentDesignTimeProperty&gt;&lt;dwd:key xsi:type="xsd:string"&gt;5129	DataSourceViewID&lt;/dwd:key&gt;&lt;/dwd:DtsComponentDesignTimeProperty&gt;&lt;dwd:DtsComponentDesignTimeProperty&gt;&lt;dwd:key xsi:type="xsd:string"&gt;4768	DataSourceViewID&lt;/dwd:key&gt;&lt;/dwd:DtsComponentDesignTimeProperty&gt;&lt;dwd:DtsComponentDesignTimeProperty&gt;&lt;dwd:key xsi:type="xsd:string"&gt;1732	DataSourceViewID&lt;/dwd:key&gt;&lt;/dwd:DtsComponentDesignTimeProperty&gt;&lt;dwd:DtsComponentDesignTimeProperty&gt;&lt;dwd:key xsi:type="xsd:string"&gt;4522	DataSourceViewID&lt;/dwd:key&gt;&lt;/dwd:DtsComponentDesignTimeProperty&gt;&lt;dwd:DtsComponentDesignTimeProperty&gt;&lt;dwd:key xsi:type="xsd:string"&gt;37	TableInfoObjectType&lt;/dwd:key&gt;&lt;dwd:value xsi:type="xsd:string"&gt;Table&lt;/dwd:value&gt;&lt;/dwd:DtsComponentDesignTimeProperty&gt;&lt;dwd:DtsComponentDesignTimeProperty&gt;&lt;dwd:key xsi:type="xsd:string"&gt;4768	UsedTableName&lt;/dwd:key&gt;&lt;dwd:value xsi:type="xsd:string"&gt;[dbo].[Lineage_Fact_Table]&lt;/dwd:value&gt;&lt;/dwd:DtsComponentDesignTimeProperty&gt;&lt;dwd:DtsComponentDesignTimeProperty&gt;&lt;dwd:key xsi:type="xsd:string"&gt;5550	DataSourceViewID&lt;/dwd:key&gt;&lt;/dwd:DtsComponentDesignTimeProperty&gt;&lt;dwd:DtsComponentDesignTimeProperty&gt;&lt;dwd:key xsi:type="xsd:string"&gt;4522	TableInfoObjectType&lt;/dwd:key&gt;&lt;dwd:value xsi:type="xsd:string"&gt;Table&lt;/dwd:value&gt;&lt;/dwd:DtsComponentDesignTimeProperty&gt;&lt;dwd:DtsComponentDesignTimeProperty&gt;&lt;dwd:key xsi:type="xsd:string"&gt;1732	TableInfoObjectType&lt;/dwd:key&gt;&lt;dwd:value xsi:type="xsd:string"&gt;Table&lt;/dwd:value&gt;&lt;/dwd:DtsComponentDesignTimeProperty&gt;&lt;dwd:DtsComponentDesignTimeProperty&gt;&lt;dwd:key xsi:type="xsd:string"&gt;4768	TableInfoObjectType&lt;/dwd:key&gt;&lt;dwd:value xsi:type="xsd:string"&gt;Table&lt;/dwd:value&gt;&lt;/dwd:DtsComponentDesignTimeProperty&gt;&lt;/dwd:DtsComponentDesignerPropertiesList&gt;&lt;/TaskHost&gt;
    </DTS:Property>
    <DTS:Property DTS:Name="Namespace">dts-designer-1.0</DTS:Property>
    <DTS:Property DTS:Name="ObjectName">{C773D959-A42F-4C4C-99C5-C05ADF045792}</DTS:Property>
    <DTS:Property DTS:Name="DTSID">{DDAB81A5-850E-4273-88C3-2FED854FEF7F}</DTS:Property>
    <DTS:Property DTS:Name="Description"></DTS:Property>
    <DTS:Property DTS:Name="CreationName"></DTS:Property>
  </DTS:PackageVariable>
  <DTS:PackageVariable>
    <DTS:Property DTS:Name="PackageVariableValue" DTS:DataType="8">&lt;PipelinePath xmlns:xsd="http://www.w3.org/2001/XMLSchema" xmlns:xsi="http://www.w3.org/2001/XMLSchema-instance" xmlns:dwd="http://schemas.microsoft.com/DataWarehouse/Designer/1.0"&gt;&lt;dwd:PathAnnotation&gt;AsNeeded&lt;/dwd:PathAnnotation&gt;&lt;dwd:DestinationName&gt;OLE DB Destination Input&lt;/dwd:DestinationName&gt;&lt;dwd:SourceName&gt;Logged Lineage Output 1&lt;/dwd:SourceName&gt;&lt;/PipelinePath&gt;</DTS:Property>
    <DTS:Property DTS:Name="Namespace">dts-designer-1.0</DTS:Property>
    <DTS:Property DTS:Name="ObjectName">{C773D959-A42F-4C4C-99C5-C05ADF045792}-5567</DTS:Property>
    <DTS:Property DTS:Name="DTSID">{C450D08E-7BA2-4924-B539-4144588E2455}</DTS:Property>
    <DTS:Property DTS:Name="Description"></DTS:Property>
    <DTS:Property DTS:Name="CreationName"></DTS:Property>
  </DTS:PackageVariable>
  <DTS:PackageVariable>
    <DTS:Property DTS:Name="PackageVariableValue" DTS:DataType="8">&lt;PipelinePath xmlns:xsd="http://www.w3.org/2001/XMLSchema" xmlns:xsi="http://www.w3.org/2001/XMLSchema-instance" xmlns:dwd="http://schemas.microsoft.com/DataWarehouse/Designer/1.0"&gt;&lt;dwd:PathAnnotation&gt;AsNeeded&lt;/dwd:PathAnnotation&gt;&lt;dwd:DestinationName&gt;Logged Lineage Input 1&lt;/dwd:DestinationName&gt;&lt;dwd:SourceName&gt;Flat File Source Output&lt;/dwd:SourceName&gt;&lt;/PipelinePath&gt;</DTS:Property>
    <DTS:Property DTS:Name="Namespace">dts-designer-1.0</DTS:Property>
    <DTS:Property DTS:Name="ObjectName">{C773D959-A42F-4C4C-99C5-C05ADF045792}-5734</DTS:Property>
    <DTS:Property DTS:Name="DTSID">{FA8170C5-96DA-4736-A878-69FCC6870486}</DTS:Property>
    <DTS:Property DTS:Name="Description"></DTS:Property>
    <DTS:Property DTS:Name="CreationName"></DTS:Property>
  </DTS:PackageVariable>
  <DTS:PackageVariable>
    <DTS:Property DTS:Name="PackageVariableValue" DTS:DataType="8">
      &lt;Package xmlns:xsd="http://www.w3.org/2001/XMLSchema" xmlns:xsi="http://www.w3.org/2001/XMLSchema-instance" xmlns:dwd="http://schemas.microsoft.com/DataWarehouse/Designer/1.0"&gt;&lt;dwd:DtsControlFlowDiagram&gt;&lt;dwd:BoundingLeft&gt;-6411&lt;/dwd:BoundingLeft&gt;&lt;dwd:BoundingTop&gt;-4951&lt;/dwd:BoundingTop&gt;&lt;dwd:Layout&gt;&lt;dds&gt;
      &lt;diagram fontclsid="{0BE35203-8F91-11CE-9DE3-00AA004BB851}" mouseiconclsid="{0BE35204-8F91-11CE-9DE3-00AA004BB851}" defaultlayout="Microsoft.DataWarehouse.Layout.GraphLayout" defaultlineroute="Microsoft.DataWarehouse.Layout.GraphLayout" version="7" nextobject="10" scale="100" pagebreakanchorx="0" pagebreakanchory="0" pagebreaksizex="0" pagebreaksizey="0" scrollleft="-7411" scrolltop="-5951" gridx="150" gridy="150" marginx="1000" marginy="1000" zoom="100" x="18918" y="19579" backcolor="15334399" defaultpersistence="2" PrintPageNumbersMode="3" PrintMarginTop="0" PrintMarginBottom="635" PrintMarginLeft="0" PrintMarginRight="0" marqueeselectionmode="1" mousepointer="0" snaptogrid="0" autotypeannotation="1" showscrollbars="0" viewpagebreaks="0" donotforceconnectorsbehindshapes="1" backpictureclsid="{00000000-0000-0000-0000-000000000000}"&gt;
      &lt;font&gt;
      &lt;ddsxmlobjectstreamwrapper binary="01010000900180380100065461686f6d61" /&gt;
      &lt;/font&gt;
      &lt;mouseicon&gt;
      &lt;ddsxmlobjectstreamwrapper binary="6c74000000000000" /&gt;
      &lt;/mouseicon&gt;
      &lt;/diagram&gt;
      &lt;layoutmanager&gt;
      &lt;ddsxmlobj /&gt;
      &lt;/layoutmanager&gt;
      &lt;ddscontrol controlprogid="DdsShapes.DdsObjectManagedBridge.1" tooltip="Data Flow Task" left="-6411" top="-2867" logicalid="4" controlid="1" masterid="0" hint1="0" hint2="0" width="5451" height="1164" noresize="0" nomove="0" nodefaultattachpoints="0" autodrag="1" usedefaultiddshape="1" selectable="1" showselectionhandles="1" allownudging="1" isannotation="0" dontautolayout="0" groupcollapsed="0" tabstop="1" visible="1" snaptogrid="0"&gt;
      &lt;control&gt;
      &lt;ddsxmlobjectstreaminitwrapper binary="000800004b1500008c040000" /&gt;
      &lt;/control&gt;
      &lt;layoutobject&gt;
      &lt;ddsxmlobj&gt;
      &lt;property name="LogicalObject" value="{C773D959-A42F-4C4C-99C5-C05ADF045792}" vartype="8" /&gt;
      &lt;property name="ShowConnectorSource" value="0" vartype="2" /&gt;
      &lt;/ddsxmlobj&gt;
      &lt;/layoutobject&gt;
      &lt;shape groupshapeid="0" groupnode="0" /&gt;
      &lt;/ddscontrol&gt;
      &lt;ddscontrol controlprogid="DdsShapes.DdsObjectManagedBridge.1" tooltip="Execute SQL Task" left="-6411" top="-4951" logicalid="5" controlid="2" masterid="0" hint1="0" hint2="0" width="5478" height="1164" noresize="0" nomove="0" nodefaultattachpoints="0" autodrag="1" usedefaultiddshape="1" selectable="1" showselectionhandles="1" allownudging="1" isannotation="0" dontautolayout="0" groupcollapsed="0" tabstop="1" visible="1" snaptogrid="0"&gt;
      &lt;control&gt;
      &lt;ddsxmlobjectstreaminitwrapper binary="00080000661500008c040000" /&gt;
      &lt;/control&gt;
      &lt;layoutobject&gt;
      &lt;ddsxmlobj&gt;
      &lt;property name="LogicalObject" value="{FAD1C39A-D781-4FEC-BDCD-1FDA7F6DCF7E}" vartype="8" /&gt;
      &lt;property name="ShowConnectorSource" value="0" vartype="2" /&gt;
      &lt;/ddsxmlobj&gt;
      &lt;/layoutobject&gt;
      &lt;shape groupshapeid="0" groupnode="0" /&gt;
      &lt;/ddscontrol&gt;
      &lt;ddscontrol controlprogid="MSDDS.Polyline" left="-4085" top="-4186" logicalid="6" controlid="3" masterid="0" hint1="0" hint2="0" width="813" height="1819" noresize="0" nomove="0" nodefaultattachpoints="1" autodrag="0" usedefaultiddshape="0" selectable="1" showselectionhandles="0" allownudging="1" isannotation="0" dontautolayout="0" groupcollapsed="0" tabstop="1" visible="1" snaptogrid="0"&gt;
      &lt;control&gt;
      &lt;ddsxmlobj&gt;
      &lt;polyline endtypedst="3" endtypesrc="1" usercolor="32768" linestyle="0" linerender="2" customendtypedstid="0" customendtypesrcid="0" adornsvisible="1" /&gt;
      &lt;/ddsxmlobj&gt;
      &lt;/control&gt;
      &lt;layoutobject&gt;
      &lt;ddsxmlobj&gt;
      &lt;property name="LogicalObject" value="{971241DF-0111-412D-A8AD-0FBEB97071EA}" vartype="8" /&gt;
      &lt;property name="Virtual" value="0" vartype="11" /&gt;
      &lt;property name="VisibleAP" value="0" vartype="3" /&gt;
      &lt;/ddsxmlobj&gt;
      &lt;/layoutobject&gt;
      &lt;connector lineroutestyle="Microsoft.DataWarehouse.Layout.GraphLayout" sourceid="2" destid="1" sourceattachpoint="9" destattachpoint="8" segmenteditmode="0" bendpointeditmode="0" bendpointvisibility="2" relatedid="0" virtual="0"&gt;
      &lt;point x="-3672" y="-3787" /&gt;
      &lt;point x="-3672" y="-3327" /&gt;
      &lt;point x="-3686" y="-3327" /&gt;
      &lt;point x="-3686" y="-2867" /&gt;
      &lt;/connector&gt;
      &lt;/ddscontrol&gt;
      &lt;/dds&gt;&lt;/dwd:Layout&gt;&lt;dwd:PersistedViewPortLeft&gt;-7411&lt;/dwd:PersistedViewPortLeft&gt;&lt;dwd:PersistedViewPortTop&gt;-5951&lt;/dwd:PersistedViewPortTop&gt;&lt;/dwd:DtsControlFlowDiagram&gt;&lt;/Package&gt;
    </DTS:Property>
    <DTS:Property DTS:Name="Namespace">dts-designer-1.0</DTS:Property>
    <DTS:Property DTS:Name="ObjectName">{F0D2E396-A6A5-42AE-9467-04CE946A810C}</DTS:Property>
    <DTS:Property DTS:Name="DTSID">{B382DB53-C443-48B9-B63F-D2EC73BC35B1}</DTS:Property>
    <DTS:Property DTS:Name="Description"></DTS:Property>
    <DTS:Property DTS:Name="CreationName"></DTS:Property>
  </DTS:PackageVariable>
  <DTS:Property DTS:Name="ForceExecValue">0</DTS:Property>
  <DTS:Property DTS:Name="ExecValue" DTS:DataType="3">0</DTS:Property>
  <DTS:Property DTS:Name="ForceExecutionResult">-1</DTS:Property>
  <DTS:Property DTS:Name="Disabled">0</DTS:Property>
  <DTS:Property DTS:Name="FailPackageOnFailure">0</DTS:Property>
  <DTS:Property DTS:Name="FailParentOnFailure">0</DTS:Property>
  <DTS:Property DTS:Name="MaxErrorCount">1</DTS:Property>
  <DTS:Property DTS:Name="ISOLevel">-1</DTS:Property>
  <DTS:Property DTS:Name="LocaleID">1033</DTS:Property>
  <DTS:Property DTS:Name="TransactionOption">1</DTS:Property>
  <DTS:Property DTS:Name="DelayValidation">-1</DTS:Property>
  <DTS:Variable>
    <DTS:Property DTS:Name="Expression"></DTS:Property>
    <DTS:Property DTS:Name="EvaluateAsExpression">0</DTS:Property>
    <DTS:Property DTS:Name="Namespace">User</DTS:Property>
    <DTS:Property DTS:Name="ReadOnly">0</DTS:Property>
    <DTS:Property DTS:Name="RaiseChangedEvent">0</DTS:Property>
    <DTS:VariableValue DTS:DataType="8">Junk</DTS:VariableValue>
    <DTS:Property DTS:Name="ObjectName">FileName</DTS:Property>
    <DTS:Property DTS:Name="DTSID">{A669A0A0-15AD-4722-9C4C-40F163D21A6B}</DTS:Property>
    <DTS:Property DTS:Name="Description"></DTS:Property>
    <DTS:Property DTS:Name="CreationName"></DTS:Property>
  </DTS:Variable>
  <DTS:LoggingOptions>
    <DTS:Property DTS:Name="LoggingMode">0</DTS:Property>
    <DTS:Property DTS:Name="FilterKind">1</DTS:Property>
    <DTS:Property DTS:Name="EventFilter" DTS:DataType="8"></DTS:Property>
  </DTS:LoggingOptions>
  <DTS:Executable DTS:ExecutableType="Microsoft.SqlServer.Dts.Tasks.ExecuteSQLTask.ExecuteSQLTask, Microsoft.SqlServer.SQLTask, Version=9.0.242.0, Culture=neutral, PublicKeyToken=89845dcd8080cc91" DTS:ThreadHint="0">
    <DTS:Property DTS:Name="ExecutionLocation">0</DTS:Property>
    <DTS:Property DTS:Name="ExecutionAddress"></DTS:Property>
    <DTS:Property DTS:Name="TaskContact">Execute SQL Task; Microsoft Corporation; Microsoft SQL Server v9; © 2004 Microsoft Corporation; All Rights Reserved;http://www.microsoft.com/sql/support/default.asp;1</DTS:Property>
    <DTS:Property DTS:Name="ForceExecValue">0</DTS:Property>
    <DTS:Property DTS:Name="ExecValue" DTS:DataType="3">0</DTS:Property>
    <DTS:Property DTS:Name="ForceExecutionResult">-1</DTS:Property>
    <DTS:Property DTS:Name="Disabled">0</DTS:Property>
    <DTS:Property DTS:Name="FailPackageOnFailure">0</DTS:Property>
    <DTS:Property DTS:Name="FailParentOnFailure">0</DTS:Property>
    <DTS:Property DTS:Name="MaxErrorCount">1</DTS:Property>
    <DTS:Property DTS:Name="ISOLevel">-1</DTS:Property>
    <DTS:Property DTS:Name="LocaleID">-1</DTS:Property>
    <DTS:Property DTS:Name="TransactionOption">1</DTS:Property>
    <DTS:Property DTS:Name="DelayValidation">0</DTS:Property>
    <DTS:LoggingOptions>
      <DTS:Property DTS:Name="LoggingMode">0</DTS:Property>
      <DTS:Property DTS:Name="FilterKind">1</DTS:Property>
      <DTS:Property DTS:Name="EventFilter" DTS:DataType="8"></DTS:Property>
    </DTS:LoggingOptions>
    <DTS:Property DTS:Name="ObjectName">Create Lineage_Fact_Table</DTS:Property>
    <DTS:Property DTS:Name="DTSID">{FAD1C39A-D781-4FEC-BDCD-1FDA7F6DCF7E}</DTS:Property>
    <DTS:Property DTS:Name="Description">Execute SQL Task</DTS:Property>
    <DTS:Property DTS:Name="CreationName">Microsoft.SqlServer.Dts.Tasks.ExecuteSQLTask.ExecuteSQLTask, Microsoft.SqlServer.SQLTask, Version=9.0.242.0, Culture=neutral, PublicKeyToken=89845dcd8080cc91</DTS:Property>
    <DTS:Property DTS:Name="DisableEventHandlers">0</DTS:Property>
    <DTS:ObjectData>
      <SQLTask:SqlTaskData SQLTask:Connection="{F14C1903-0CC3-4412-8F3D-95F3F7372770}" SQLTask:TimeOut="0" SQLTask:IsStoredProc="False" SQLTask:SqlStmtSourceType="DirectInput" SQLTask:SqlStatementSource="IF NOT EXISTS (SELECT * FROM AdventureWorks.sys.tables WHERE type ='U' and name = 'Lineage_Fact_Table')&#xA;CREATE TABLE dbo.Lineage_Fact_Table &#xA;(&#xA;    [Column 0] NVARCHAR(50),&#xA;    [Column 1] NVARCHAR(50),&#xA;    [Column 2] NVARCHAR(50),&#xA;    [Column 3] NVARCHAR(50),&#xA;    [Column 4] NVARCHAR(50),&#xA;    [Column 5] NVARCHAR(50),&#xA;    [Column 6] NVARCHAR(50),&#xA;    [Column 7] NVARCHAR(50),&#xA;    [File Name] NVARCHAR(260),&#xA;    [User Name] NVARCHAR(70),&#xA;    [Execution Start Time] DATETIME&#xA;)&#xA;&#xA;ELSE&#xA;TRUNCATE TABLE AdventureWorks.dbo.Lineage_Fact_Table " SQLTask:ResultType="ResultSetType_None" xmlns:SQLTask="www.microsoft.com/sqlserver/dts/tasks/sqltask"/>
    </DTS:ObjectData>
  </DTS:Executable>
  <DTS:Executable DTS:ExecutableType="{C3BF9DC1-4715-4694-936F-D3CFDA9E42C5}">
    <DTS:Property DTS:Name="ExecutionLocation">0</DTS:Property>
    <DTS:Property DTS:Name="ExecutionAddress"></DTS:Property>
    <DTS:Property DTS:Name="TaskContact"></DTS:Property>
    <DTS:Property DTS:Name="ForceExecValue">0</DTS:Property>
    <DTS:Property DTS:Name="ExecValue" DTS:DataType="3">0</DTS:Property>
    <DTS:Property DTS:Name="ForceExecutionResult">-1</DTS:Property>
    <DTS:Property DTS:Name="Disabled">0</DTS:Property>
    <DTS:Property DTS:Name="FailPackageOnFailure">0</DTS:Property>
    <DTS:Property DTS:Name="FailParentOnFailure">0</DTS:Property>
    <DTS:Property DTS:Name="MaxErrorCount">5</DTS:Property>
    <DTS:Property DTS:Name="ISOLevel">-1</DTS:Property>
    <DTS:Property DTS:Name="LocaleID">-1</DTS:Property>
    <DTS:Property DTS:Name="TransactionOption">1</DTS:Property>
    <DTS:Property DTS:Name="DelayValidation">-1</DTS:Property>
    <DTS:LoggingOptions>
      <DTS:Property DTS:Name="LoggingMode">0</DTS:Property>
      <DTS:Property DTS:Name="FilterKind">1</DTS:Property>
      <DTS:Property DTS:Name="EventFilter" DTS:DataType="8"></DTS:Property>
    </DTS:LoggingOptions>
    <DTS:Property DTS:Name="ObjectName">Get Data Lineage Information</DTS:Property>
    <DTS:Property DTS:Name="DTSID">{C773D959-A42F-4C4C-99C5-C05ADF045792}</DTS:Property>
    <DTS:Property DTS:Name="Description">Data Flow Task</DTS:Property>
    <DTS:Property DTS:Name="CreationName">{C3BF9DC1-4715-4694-936F-D3CFDA9E42C5}</DTS:Property>
    <DTS:Property DTS:Name="DisableEventHandlers">0</DTS:Property>
    <DTS:ObjectData>
      <pipeline id="0" name="pipelineXml" description="pipelineXml" defaultBufferMaxRows="250" engineThreads="5" defaultBufferSize="10485760" BLOBTempStoragePath="" bufferTempStoragePath="C:\DataFlowTempStorage" runInOptimizedMode="true">
        <components>
          <component id="5725" name="Extract Data from Files" componentClassID="{90C7770B-DE7C-435E-880E-E718C92C0573}" description="Flat File Source Component" localeId="1033" usesDispositions="true" validateExternalMetadata="True" version="1" pipelineVersion="0" contactInfo="Flat File Source Component;Microsoft Corporation;Microsoft SqlServer v9; © 2004 Microsoft Corporation; All Rights Reserved; http://www.microsoft.com/sql/support;0">
            <properties>
              <property id="5731" name="MultipleFileSupport" dataType="System.Boolean" state="default" isArray="false" description="Specifies whether all files provided by the component's associated flat file connection manager will be processed." typeConverter="" UITypeEditor="" containsID="false" expressionType="None">true</property>
              <property id="5732" name="RetainNulls" dataType="System.Boolean" state="default" isArray="false" description="Specifies whether zero-length columns are treated as null." typeConverter="" UITypeEditor="" containsID="false" expressionType="None">false</property>
              <property id="5869" name="FileNameColumnName" dataType="System.String" state="default" isArray="false" description="Specifies the name of an output column containing the filename.  If no name is specified, no output column containing the filename will be generated." typeConverter="" UITypeEditor="" containsID="false" expressionType="None">FileName</property>
            </properties>
            <connections>
              <connection id="5730" name="FlatFileConnection" description="" connectionManagerID="{7BCB6C99-B9A8-4649-B17E-2ADF1272445C}"/>
            </connections>
            <outputs>
              <output id="5726" name="Flat File Source Output" description="" exclusionGroup="0" synchronousInputId="0" deleteOutputOnPathDetached="false" hasSideEffects="false" dangling="false" isErrorOut="false" isSorted="false" errorOrTruncationOperation="" errorRowDisposition="NotUsed" truncationRowDisposition="NotUsed">
                <outputColumns>
                  <outputColumn id="5745" name="Column 0" description="" lineageId="5745" precision="0" scale="0" length="50" dataType="wstr" codePage="0" sortKeyPosition="0" comparisonFlags="0" specialFlags="0" errorOrTruncationOperation="Conversion" errorRowDisposition="FailComponent" truncationRowDisposition="IgnoreFailure" externalMetadataColumnId="5744">
                    <properties>
                      <property id="5746" name="FastParse" dataType="System.Boolean" state="default" isArray="false" description="Forces faster, locale-neutral parsing for this column" typeConverter="" UITypeEditor="" containsID="false" expressionType="None">false</property>
                    </properties>
                  </outputColumn>
                  <outputColumn id="5748" name="Column 1" description="" lineageId="5748" precision="0" scale="0" length="50" dataType="wstr" codePage="0" sortKeyPosition="0" comparisonFlags="0" specialFlags="0" errorOrTruncationOperation="Conversion" errorRowDisposition="FailComponent" truncationRowDisposition="IgnoreFailure" externalMetadataColumnId="5747">
                    <properties>
                      <property id="5749" name="FastParse" dataType="System.Boolean" state="default" isArray="false" description="Forces faster, locale-neutral parsing for this column" typeConverter="" UITypeEditor="" containsID="false" expressionType="None">false</property>
                    </properties>
                  </outputColumn>
                  <outputColumn id="5751" name="Column 2" description="" lineageId="5751" precision="0" scale="0" length="50" dataType="wstr" codePage="0" sortKeyPosition="0" comparisonFlags="0" specialFlags="0" errorOrTruncationOperation="Conversion" errorRowDisposition="FailComponent" truncationRowDisposition="IgnoreFailure" externalMetadataColumnId="5750">
                    <properties>
                      <property id="5752" name="FastParse" dataType="System.Boolean" state="default" isArray="false" description="Forces faster, locale-neutral parsing for this column" typeConverter="" UITypeEditor="" containsID="false" expressionType="None">false</property>
                    </properties>
                  </outputColumn>
                  <outputColumn id="5754" name="Column 3" description="" lineageId="5754" precision="0" scale="0" length="50" dataType="wstr" codePage="0" sortKeyPosition="0" comparisonFlags="0" specialFlags="0" errorOrTruncationOperation="Conversion" errorRowDisposition="FailComponent" truncationRowDisposition="IgnoreFailure" externalMetadataColumnId="5753">
                    <properties>
                      <property id="5755" name="FastParse" dataType="System.Boolean" state="default" isArray="false" description="Forces faster, locale-neutral parsing for this column" typeConverter="" UITypeEditor="" containsID="false" expressionType="None">false</property>
                    </properties>
                  </outputColumn>
                  <outputColumn id="5757" name="Column 4" description="" lineageId="5757" precision="0" scale="0" length="50" dataType="wstr" codePage="0" sortKeyPosition="0" comparisonFlags="0" specialFlags="0" errorOrTruncationOperation="Conversion" errorRowDisposition="FailComponent" truncationRowDisposition="IgnoreFailure" externalMetadataColumnId="5756">
                    <properties>
                      <property id="5758" name="FastParse" dataType="System.Boolean" state="default" isArray="false" description="Forces faster, locale-neutral parsing for this column" typeConverter="" UITypeEditor="" containsID="false" expressionType="None">false</property>
                    </properties>
                  </outputColumn>
                  <outputColumn id="5760" name="Column 5" description="" lineageId="5760" precision="0" scale="0" length="50" dataType="wstr" codePage="0" sortKeyPosition="0" comparisonFlags="0" specialFlags="0" errorOrTruncationOperation="Conversion" errorRowDisposition="FailComponent" truncationRowDisposition="IgnoreFailure" externalMetadataColumnId="5759">
                    <properties>
                      <property id="5761" name="FastParse" dataType="System.Boolean" state="default" isArray="false" description="Forces faster, locale-neutral parsing for this column" typeConverter="" UITypeEditor="" containsID="false" expressionType="None">false</property>
                    </properties>
                  </outputColumn>
                  <outputColumn id="5763" name="Column 6" description="" lineageId="5763" precision="0" scale="0" length="50" dataType="wstr" codePage="0" sortKeyPosition="0" comparisonFlags="0" specialFlags="0" errorOrTruncationOperation="Conversion" errorRowDisposition="FailComponent" truncationRowDisposition="IgnoreFailure" externalMetadataColumnId="5762">
                    <properties>
                      <property id="5764" name="FastParse" dataType="System.Boolean" state="default" isArray="false" description="Forces faster, locale-neutral parsing for this column" typeConverter="" UITypeEditor="" containsID="false" expressionType="None">false</property>
                    </properties>
                  </outputColumn>
                  <outputColumn id="5766" name="Column 7" description="" lineageId="5766" precision="0" scale="0" length="50" dataType="wstr" codePage="0" sortKeyPosition="0" comparisonFlags="0" specialFlags="0" errorOrTruncationOperation="Conversion" errorRowDisposition="FailComponent" truncationRowDisposition="IgnoreFailure" externalMetadataColumnId="5765">
                    <properties>
                      <property id="5767" name="FastParse" dataType="System.Boolean" state="default" isArray="false" description="Forces faster, locale-neutral parsing for this column" typeConverter="" UITypeEditor="" containsID="false" expressionType="None">false</property>
                    </properties>
                  </outputColumn>
                  <outputColumn id="5975" name="FileName" description="" lineageId="5975" precision="0" scale="0" length="260" dataType="wstr" codePage="0" sortKeyPosition="0" comparisonFlags="0" specialFlags="0" errorOrTruncationOperation="Conversion" errorRowDisposition="FailComponent" truncationRowDisposition="IgnoreFailure" externalMetadataColumnId="5974">
                    <properties>
                      <property id="5976" name="FastParse" dataType="System.Boolean" state="default" isArray="false" description="Forces faster, locale-neutral parsing for this column" typeConverter="" UITypeEditor="" containsID="false" expressionType="None">false</property>
                    </properties>
                  </outputColumn>
                </outputColumns>
                <externalMetadataColumns isUsed="True">
                  <externalMetadataColumn id="5744" name="Column 0" description="" precision="0" scale="0" length="50" dataType="wstr" codePage="0"/>
                  <externalMetadataColumn id="5747" name="Column 1" description="" precision="0" scale="0" length="50" dataType="wstr" codePage="0"/>
                  <externalMetadataColumn id="5750" name="Column 2" description="" precision="0" scale="0" length="50" dataType="wstr" codePage="0"/>
                  <externalMetadataColumn id="5753" name="Column 3" description="" precision="0" scale="0" length="50" dataType="wstr" codePage="0"/>
                  <externalMetadataColumn id="5756" name="Column 4" description="" precision="0" scale="0" length="50" dataType="wstr" codePage="0"/>
                  <externalMetadataColumn id="5759" name="Column 5" description="" precision="0" scale="0" length="50" dataType="wstr" codePage="0"/>
                  <externalMetadataColumn id="5762" name="Column 6" description="" precision="0" scale="0" length="50" dataType="wstr" codePage="0"/>
                  <externalMetadataColumn id="5765" name="Column 7" description="" precision="0" scale="0" length="50" dataType="wstr" codePage="0"/>
                  <externalMetadataColumn id="5974" name="FileName" description="" precision="0" scale="0" length="260" dataType="wstr" codePage="0"/>
                </externalMetadataColumns>
              </output>
              <output id="5727" name="Flat File Source Error Output" description="" exclusionGroup="0" synchronousInputId="0" deleteOutputOnPathDetached="false" hasSideEffects="false" dangling="false" isErrorOut="true" isSorted="false" errorOrTruncationOperation="" errorRowDisposition="NotUsed" truncationRowDisposition="NotUsed">
                <outputColumns>
                  <outputColumn id="5768" name="Flat File Source Error Output Column" description="Flat File Source Error Output Column" lineageId="5768" precision="0" scale="0" length="0" dataType="text" codePage="1252" sortKeyPosition="0" comparisonFlags="0" specialFlags="0" errorOrTruncationOperation="" errorRowDisposition="NotUsed" truncationRowDisposition="NotUsed" externalMetadataColumnId="0"/>
                  <outputColumn id="5728" name="ErrorCode" description="" lineageId="5728" precision="0" scale="0" length="0" dataType="i4" codePage="0" sortKeyPosition="0" comparisonFlags="0" specialFlags="1" errorOrTruncationOperation="" errorRowDisposition="NotUsed" truncationRowDisposition="NotUsed" externalMetadataColumnId="0"/>
                  <outputColumn id="5729" name="ErrorColumn" description="" lineageId="5729" precision="0" scale="0" length="0" dataType="i4" codePage="0" sortKeyPosition="0" comparisonFlags="0" specialFlags="2" errorOrTruncationOperation="" errorRowDisposition="NotUsed" truncationRowDisposition="NotUsed" externalMetadataColumnId="0"/>
                  <outputColumn id="5938" name="FileName" description="" lineageId="5938" precision="0" scale="0" length="260" dataType="wstr" codePage="0" sortKeyPosition="0" comparisonFlags="0" specialFlags="0" errorOrTruncationOperation="" errorRowDisposition="NotUsed" truncationRowDisposition="NotUsed" externalMetadataColumnId="0"/>
                </outputColumns>
                <externalMetadataColumns isUsed="False"/>
              </output>
            </outputs>
          </component>
          <component id="4511" name="Add Data Lineage Information" componentClassID="{18C6AD8E-96E0-4C94-885B-B5FD43A8A101}" description="Adds lineage information to each row" localeId="-1" usesDispositions="false" validateExternalMetadata="True" version="0" pipelineVersion="0" contactInfo="">
            <inputs>
              <input id="4512" name="Logged Lineage Input 1" description="" hasSideEffects="false" dangling="false" errorOrTruncationOperation="" errorRowDisposition="NotUsed" truncationRowDisposition="NotUsed">
                <externalMetadataColumns isUsed="False"/>
              </input>
            </inputs>
            <outputs>
              <output id="4513" name="Logged Lineage Output 1" description="" exclusionGroup="1" synchronousInputId="4512" deleteOutputOnPathDetached="false" hasSideEffects="false" dangling="false" isErrorOut="false" isSorted="false" errorOrTruncationOperation="" errorRowDisposition="NotUsed" truncationRowDisposition="NotUsed">
                <outputColumns>
                  <outputColumn id="4518" name="Username" description="" lineageId="4518" precision="0" scale="0" length="64" dataType="wstr" codePage="0" sortKeyPosition="0" comparisonFlags="0" specialFlags="0" errorOrTruncationOperation="" errorRowDisposition="NotUsed" truncationRowDisposition="NotUsed" externalMetadataColumnId="0">
                    <properties>
                      <property id="4519" name="LineageItemSelected" dataType="System.Int32" state="default" isArray="false" description="Specifies which lineage item this column produces" typeConverter="LineageItemSelected" UITypeEditor="" containsID="false" expressionType="None">6</property>
                    </properties>
                  </outputColumn>
                  <outputColumn id="4520" name="Execution Start Time" description="" lineageId="4520" precision="0" scale="0" length="0" dataType="date" codePage="0" sortKeyPosition="0" comparisonFlags="0" specialFlags="0" errorOrTruncationOperation="" errorRowDisposition="NotUsed" truncationRowDisposition="NotUsed" externalMetadataColumnId="0">
                    <properties>
                      <property id="4521" name="LineageItemSelected" dataType="System.Int32" state="default" isArray="false" description="Specifies which lineage item this column produces" typeConverter="LineageItemSelected" UITypeEditor="" containsID="false" expressionType="None">4</property>
                    </properties>
                  </outputColumn>
                </outputColumns>
                <externalMetadataColumns isUsed="False"/>
              </output>
            </outputs>
          </component>
          <component id="5550" name="Load Data into Lineage_Fact_Table" componentClassID="{E2568105-9550-4F71-A638-B7FE42E66922}" description="OLE DB Destination Component" localeId="-1" usesDispositions="true" validateExternalMetadata="True" version="4" pipelineVersion="0" contactInfo="OLE DB Destination Component;Microsoft Corporation;Microsoft SqlServer v9; © 2004 Microsoft Corporation; All Rights Reserved; http://www.microsoft.com/sql/support;0">
            <properties>
              <property id="5553" name="CommandTimeout" dataType="System.Int32" state="default" isArray="false" description="The number of seconds before a command times out.  A value of 0 indicates an infinite time-out." typeConverter="" UITypeEditor="" containsID="false" expressionType="None">0</property>
              <property id="5554" name="OpenRowset" dataType="System.String" state="default" isArray="false" description="The name of the database object used to open a rowset." typeConverter="" UITypeEditor="" containsID="false" expressionType="None">[Lineage_Fact_Table]</property>
              <property id="5555" name="OpenRowsetVariable" dataType="System.String" state="default" isArray="false" description="The variable that contains the name of the database object used to open a rowset." typeConverter="" UITypeEditor="" containsID="false" expressionType="None"></property>
              <property id="5556" name="SqlCommand" dataType="System.String" state="default" isArray="false" description="The SQL command to be executed." typeConverter="" UITypeEditor="" containsID="false" expressionType="None"></property>
              <property id="5557" name="AccessMode" dataType="System.Int32" state="default" isArray="false" description="The mode used to access the database." typeConverter="AccessMode" UITypeEditor="" containsID="false" expressionType="None">3</property>
              <property id="5559" name="FastLoadKeepIdentity" dataType="System.Boolean" state="default" isArray="false" description="If true, values supplied for identity columns will be inserted at the destination.  If false, values for identity columns will be auto-generated at the destination.  Applies only if fast load is turned on." typeConverter="" UITypeEditor="" containsID="false" expressionType="None">false</property>
              <property id="5560" name="FastLoadKeepNulls" dataType="System.Boolean" state="default" isArray="false" description="If true, columns containing null will have null inserted at the destination.  If false, columns containing null will have their default values inserted at the destinaton.  Applies only if fast load is turned on." typeConverter="" UITypeEditor="" containsID="false" expressionType="None">false</property>
              <property id="5561" name="FastLoadOptions" dataType="System.String" state="default" isArray="false" description="Specifies options to be used with fast load.  Applies only if fast load is turned on." typeConverter="" UITypeEditor="" containsID="false" expressionType="None">TABLOCK,CHECK_CONSTRAINTS</property>
              <property id="5562" name="FastLoadMaxInsertCommitSize" dataType="System.Int32" state="default" isArray="false" description="Specifies when commits are issued during data insertion.  A value of 0 specifies that one commit will be issued at the end of data insertion.  Applies only if fast load is turned on." typeConverter="" UITypeEditor="" containsID="false" expressionType="None">0</property>
              <property id="6021" name="DefaultCodePage" dataType="System.Int32" state="default" isArray="false" description="Specifies the column code page to use when code page information is unavailable from the data source." typeConverter="" UITypeEditor="" containsID="false" expressionType="None">1252</property>
              <property id="7053" name="AlwaysUseDefaultCodePage" dataType="System.Boolean" state="default" isArray="false" description="Forces the use of the DefaultCodePage property value when describing character data." typeConverter="" UITypeEditor="" containsID="false" expressionType="None">false</property>
            </properties>
            <connections>
              <connection id="5558" name="OleDbConnection" description="The OLE DB runtime connection used to access the database." connectionManagerID="{F14C1903-0CC3-4412-8F3D-95F3F7372770}"/>
            </connections>
            <inputs>
              <input id="5563" name="OLE DB Destination Input" description="" hasSideEffects="true" dangling="false" errorOrTruncationOperation="Insert" errorRowDisposition="FailComponent" truncationRowDisposition="NotUsed">
                <inputColumns>
                  <inputColumn id="6230" name="" description="" lineageId="5745" usageType="readOnly" errorOrTruncationOperation="" errorRowDisposition="NotUsed" truncationRowDisposition="NotUsed" externalMetadataColumnId="6219"/>
                  <inputColumn id="6231" name="" description="" lineageId="5748" usageType="readOnly" errorOrTruncationOperation="" errorRowDisposition="NotUsed" truncationRowDisposition="NotUsed" externalMetadataColumnId="6220"/>
                  <inputColumn id="6232" name="" description="" lineageId="5751" usageType="readOnly" errorOrTruncationOperation="" errorRowDisposition="NotUsed" truncationRowDisposition="NotUsed" externalMetadataColumnId="6221"/>
                  <inputColumn id="6233" name="" description="" lineageId="5754" usageType="readOnly" errorOrTruncationOperation="" errorRowDisposition="NotUsed" truncationRowDisposition="NotUsed" externalMetadataColumnId="6222"/>
                  <inputColumn id="6234" name="" description="" lineageId="5757" usageType="readOnly" errorOrTruncationOperation="" errorRowDisposition="NotUsed" truncationRowDisposition="NotUsed" externalMetadataColumnId="6223"/>
                  <inputColumn id="6235" name="" description="" lineageId="5760" usageType="readOnly" errorOrTruncationOperation="" errorRowDisposition="NotUsed" truncationRowDisposition="NotUsed" externalMetadataColumnId="6224"/>
                  <inputColumn id="6236" name="" description="" lineageId="5763" usageType="readOnly" errorOrTruncationOperation="" errorRowDisposition="NotUsed" truncationRowDisposition="NotUsed" externalMetadataColumnId="6225"/>
                  <inputColumn id="6237" name="" description="" lineageId="5766" usageType="readOnly" errorOrTruncationOperation="" errorRowDisposition="NotUsed" truncationRowDisposition="NotUsed" externalMetadataColumnId="6226"/>
                  <inputColumn id="6240" name="" description="" lineageId="4520" usageType="readOnly" errorOrTruncationOperation="" errorRowDisposition="NotUsed" truncationRowDisposition="NotUsed" externalMetadataColumnId="6229"/>
                  <inputColumn id="7051" name="" description="" lineageId="5975" usageType="readOnly" errorOrTruncationOperation="" errorRowDisposition="NotUsed" truncationRowDisposition="NotUsed" externalMetadataColumnId="7013"/>
                  <inputColumn id="7052" name="" description="" lineageId="4518" usageType="readOnly" errorOrTruncationOperation="" errorRowDisposition="NotUsed" truncationRowDisposition="NotUsed" externalMetadataColumnId="7014"/>
                </inputColumns>
                <externalMetadataColumns isUsed="True">
                  <externalMetadataColumn id="6219" name="Column 0" description="" precision="0" scale="0" length="50" dataType="wstr" codePage="0"/>
                  <externalMetadataColumn id="6220" name="Column 1" description="" precision="0" scale="0" length="50" dataType="wstr" codePage="0"/>
                  <externalMetadataColumn id="6221" name="Column 2" description="" precision="0" scale="0" length="50" dataType="wstr" codePage="0"/>
                  <externalMetadataColumn id="6222" name="Column 3" description="" precision="0" scale="0" length="50" dataType="wstr" codePage="0"/>
                  <externalMetadataColumn id="6223" name="Column 4" description="" precision="0" scale="0" length="50" dataType="wstr" codePage="0"/>
                  <externalMetadataColumn id="6224" name="Column 5" description="" precision="0" scale="0" length="50" dataType="wstr" codePage="0"/>
                  <externalMetadataColumn id="6225" name="Column 6" description="" precision="0" scale="0" length="50" dataType="wstr" codePage="0"/>
                  <externalMetadataColumn id="6226" name="Column 7" description="" precision="0" scale="0" length="50" dataType="wstr" codePage="0"/>
                  <externalMetadataColumn id="6229" name="Execution Start Time" description="" precision="0" scale="0" length="0" dataType="dbTimeStamp" codePage="0"/>
                  <externalMetadataColumn id="7013" name="File Name" description="" precision="0" scale="0" length="260" dataType="wstr" codePage="0"/>
                  <externalMetadataColumn id="7014" name="User Name" description="" precision="0" scale="0" length="70" dataType="wstr" codePage="0"/>
                </externalMetadataColumns>
              </input>
            </inputs>
            <outputs>
              <output id="5564" name="OLE DB Destination Error Output" description="" exclusionGroup="1" synchronousInputId="5563" deleteOutputOnPathDetached="false" hasSideEffects="false" dangling="false" isErrorOut="true" isSorted="false" errorOrTruncationOperation="" errorRowDisposition="NotUsed" truncationRowDisposition="NotUsed">
                <outputColumns>
                  <outputColumn id="5565" name="ErrorCode" description="" lineageId="5565" precision="0" scale="0" length="0" dataType="i4" codePage="0" sortKeyPosition="0" comparisonFlags="0" specialFlags="1" errorOrTruncationOperation="" errorRowDisposition="NotUsed" truncationRowDisposition="NotUsed" externalMetadataColumnId="0"/>
                  <outputColumn id="5566" name="ErrorColumn" description="" lineageId="5566" precision="0" scale="0" length="0" dataType="i4" codePage="0" sortKeyPosition="0" comparisonFlags="0" specialFlags="2" errorOrTruncationOperation="" errorRowDisposition="NotUsed" truncationRowDisposition="NotUsed" externalMetadataColumnId="0"/>
                </outputColumns>
                <externalMetadataColumns isUsed="False"/>
              </output>
            </outputs>
          </component>
        </components>
        <paths>
          <path id="5567" name="Logged Lineage Output 1" description="" startId="4513" endId="5563"/>
          <path id="5734" name="Flat File Source Output" description="" startId="5726" endId="4512"/>
        </paths>
      </pipeline>
    </DTS:ObjectData>
  </DTS:Executable>
  <DTS:PrecedenceConstraint>
    <DTS:Property DTS:Name="Value">0</DTS:Property>
    <DTS:Property DTS:Name="EvalOp">2</DTS:Property>
    <DTS:Property DTS:Name="LogicalAnd">-1</DTS:Property>
    <DTS:Property DTS:Name="Expression"></DTS:Property>
    <DTS:Executable IDREF="{FAD1C39A-D781-4FEC-BDCD-1FDA7F6DCF7E}" DTS:IsFrom="-1"/>
    <DTS:Executable IDREF="{C773D959-A42F-4C4C-99C5-C05ADF045792}" DTS:IsFrom="0"/>
    <DTS:Property DTS:Name="ObjectName">Constraint</DTS:Property>
    <DTS:Property DTS:Name="DTSID">{971241DF-0111-412D-A8AD-0FBEB97071EA}</DTS:Property>
    <DTS:Property DTS:Name="Description"></DTS:Property>
    <DTS:Property DTS:Name="CreationName"></DTS:Property>
  </DTS:PrecedenceConstraint>
  <DTS:Property DTS:Name="ObjectName">CaptureDataLineage</DTS:Property>
  <DTS:Property DTS:Name="DTSID">{F0D2E396-A6A5-42AE-9467-04CE946A810C}</DTS:Property>
  <DTS:Property DTS:Name="Description"></DTS:Property>
  <DTS:Property DTS:Name="CreationName">MSDTS.Package.1</DTS:Property>
  <DTS:Property DTS:Name="DisableEventHandlers">0</DTS:Property>
</DTS:Executable>