﻿<?xml version="1.0" encoding="utf-8" ?>
<?xml version="1.0" encoding="utf-16"?>
<xMeta xmlns:xsi="http://www.w3.org/2001/XMLSchema-instance" xmlns:xsd="http://www.w3.org/2001/XMLSchema">
  <Node MaxParallelOccurance="1">
    <QualifiedName Name="Exam" NameSpace="" NameSpaceName="">
      <FormatName>Exam</FormatName>
    </QualifiedName>
    <Attribute>
      <QualifiedName Name="ID" NameSpace="" NameSpaceName="">
        <FormatName>ID</FormatName>
      </QualifiedName>
      <AttributeType>Attribute</AttributeType>
    </Attribute>
    <ChildNode Count="2">
      <QualifiedName Name="Result" NameSpace="" NameSpaceName="">
        <FormatName>Result</FormatName>
      </QualifiedName>
    </ChildNode>
    <Created>false</Created>
    <Processed>false</Processed>
  </Node>
  <Node MaxParallelOccurance="2">
    <QualifiedName Name="Result" NameSpace="" NameSpaceName="">
      <FormatName>Result</FormatName>
    </QualifiedName>
    <Attribute>
      <QualifiedName Name="Subject" NameSpace="" NameSpaceName="">
        <FormatName>Subject</FormatName>
      </QualifiedName>
      <AttributeType>Attribute</AttributeType>
    </Attribute>
    <Attribute>
      <QualifiedName Name="MarksObtained" NameSpace="" NameSpaceName="">
        <FormatName>MarksObtained</FormatName>
      </QualifiedName>
      <AttributeType>Attribute</AttributeType>
    </Attribute>
    <Attribute>
      <QualifiedName Name="Subject" NameSpace="" NameSpaceName="">
        <FormatName>Subject</FormatName>
      </QualifiedName>
      <AttributeType>Element</AttributeType>
    </Attribute>
    <ChildNode Count="1">
      <QualifiedName Name="Exam" NameSpace="" NameSpaceName="" >
        <FormatName>Exam</FormatName>
      </QualifiedName>
    </ChildNode>
    <Created>false</Created>
    <Processed>false</Processed>
  </Node>
</xMeta>
