﻿<?xml version="1.0"?>
<aw:PurchaseOrder 
  aw:PurchaseOrderNumber="99503" 
  aw:OrderDate="1999-10-20" 
  xmlns:xsi="http://www.w3.org/2001/XMLSchema-instance" 
  xmlns:xsd="http://www.w3.org/2001/XMLSchema" 
  xmlns:aw="http://www.adventure-works.com" 
  xmlns="http://www.adventure-works.com">
  
  <aw:Address aw:Type="Shipping">
    <aw:Name>Ellen Adams</aw:Name>
    <aw:Street>123 Maple Street</aw:Street>
    <aw:City>Mill Valley</aw:City>
    <aw:State>CA</aw:State>
    <aw:Zip>10999</aw:Zip>
    <aw:Country>USA</aw:Country>
  </aw:Address>
  <aw:Address aw:Type="Billing">
    <aw:Name>Tai Yee</aw:Name>
    <aw:Street>8 Oak Avenue</aw:Street>
    <aw:City>Old Town</aw:City>
    <aw:State>PA</aw:State>
    <aw:Zip>95819</aw:Zip>
    <aw:Country>USA</aw:Country>
  </aw:Address>  
</aw:PurchaseOrder>