﻿<?xml version="1.0" encoding="utf-8" ?>
<StudentCollection>
  <Student Name="Gurpreet" Address="G. Noida West">
    <Att1>Eng</Att1>
    <Name>SST</Name>
    <Subject>Eng</Subject>
    <Subject>Phy</Subject>
    <Subject>Chem</Subject>
    <Exam ID="">
      <Result Subject="Phy" MarksObtained="80"></Result>
      <Result Subject="Chem" MarksObtained="70"></Result>
    </Exam>
  </Student>
  <Student Name="Gurbhej" Address="G. Noida West">
    <Att1>Eng</Att1>
    <Subject>Eng</Subject>
    <Subject>Phy</Subject>
    <Subject>Chem</Subject>
    <Exam ID="001">
      <Property Name="T" Value="V"></Property>
      <Result Subject="Phy" MarksObtained="80">
        <Subject>Chem</Subject>
        <Exam ID="002"></Exam>
      </Result>
      <Result Subject="Chem" MarksObtained="70"></Result>
    </Exam>
  </Student>
</StudentCollection>