﻿<?xml version="1.0" encoding="utf-8" ?>
<Root>
  <catalog name="Catlog1">
    <shelf>Shelf1</shelf>
    <book id="bk101">
      <author>Gambardella, Matthew</author>
      <title>XML Developer's Guide</title>
      <genre>Computer</genre>
      <price>44.95</price>
      <publish_date>2000-10-01</publish_date>
     
      <Author>
        <Name>J. Smith</Name>
        <DOB>08241970</DOB>
      </Author>
      <Author>
        <Name>J. Smith</Name>
        <DOB>08241970</DOB>
        <QualifiedName Name="ID" NameSpace="" NameSpaceName="">
          <FormatName>ID</FormatName>
        </QualifiedName>
        <QualifiedName Name="ID" NameSpace="" NameSpaceName="">
          <FormatName>ID</FormatName>
        </QualifiedName>
      </Author>
    </book>
    <BookPack>
      <Pack ID="123">
        <book id="bk101">
          <author>Gambardella, Matthew</author>
          <title>XML Developer's Guide</title>
          <genre>Computer</genre>
          <price>44.95</price>
          <publish_date>2000-10-01</publish_date>
          <description>
            An in-depth look at creating applications
            with XML.
          </description>
          <Author>
            <Name>J. Smith</Name>
            <DOB>08241970</DOB>
          </Author>
          <Author>
            <Name>J. Smith</Name>
            <DOB>08241970</DOB>
            <QualifiedName Name="ID" NameSpace="" NameSpaceName="">
              <FormatName>ID</FormatName>
            </QualifiedName>
            <QualifiedName Name="ID" NameSpace="" NameSpaceName="">
              <FormatName>ID</FormatName>
            </QualifiedName>
          </Author>
        </book>
      </Pack>

    </BookPack>
    <BookPack>
      <Pack ID="123">
        <book id="bk101">
          <author>Gambardella, Matthew</author>
          <title>XML Developer's Guide</title>
          <genre>Computer</genre>
          <price>44.95</price>
          <publish_date>2000-10-01</publish_date>
          
          <Author>
            <Name>J. Smith</Name>
            <DOB>08241970</DOB>
          </Author>
          <Author>
            <Name>J. Smith</Name>
            <DOB>08241970</DOB>
            <QualifiedName Name="ID" NameSpace="" NameSpaceName="">
              <FormatName>ID</FormatName>
            </QualifiedName>
            <QualifiedName Name="ID" NameSpace="" NameSpaceName="">
              <FormatName>ID</FormatName>
            </QualifiedName>
          </Author>
        </book>
      </Pack>

    </BookPack>
    <book id="bk102">
      <author>Ralls, Kim</author>
      <title>Midnight Rain</title>
      <genre>Fantasy</genre>
      <price>5.95</price>
      <publish_date>2000-12-16</publish_date>
     
    </book>
  </catalog>
  <catalog name="Catlog2">
    <shelf>Shelf1</shelf>
    <book id="bk103">
      <author>Ralls, Kim</author>
      <title>Midnight Rain</title>
      <genre>Fantasy</genre>
      <price>5.95</price>
      <publish_date>2000-12-16</publish_date>
     
    </book>
  </catalog>
  <Reference Name="IT"></Reference>
</Root>