﻿<?xml version="1.0" encoding="utf-8" ?>
<xs:schema attributeFormDefault="unqualified" elementFormDefault="qualified" xmlns:xs="http://www.w3.org/2001/XMLSchema">
  <xs:element name="Root">
    <xs:complexType>
      <xs:sequence>
        <xs:element name="catalog" maxOccurs="unbounded" minOccurs="0">
          <xs:complexType>
            <xs:choice maxOccurs="unbounded" minOccurs="0">
              <xs:element type="xs:string" name="shelf"/>
              <xs:element name="book">
                <xs:complexType>
                  <xs:sequence>
                    <xs:element type="xs:string" name="author"/>
                    <xs:element type="xs:string" name="title"/>
                    <xs:element type="xs:string" name="genre"/>
                    <xs:element type="xs:float" name="price"/>
                    <xs:element type="xs:date" name="publish_date"/>
                    <xs:element name="Author" maxOccurs="unbounded" minOccurs="0">
                      <xs:complexType>
                        <xs:sequence>
                          <xs:element type="xs:string" name="Name"/>
                          <xs:element type="xs:int" name="DOB"/>
                          <xs:element name="QualifiedName" maxOccurs="unbounded" minOccurs="0">
                            <xs:complexType>
                              <xs:sequence>
                                <xs:element type="xs:string" name="FormatName"/>
                              </xs:sequence>
                              <xs:attribute type="xs:string" name="Name" use="optional"/>
                              <xs:attribute type="xs:string" name="NameSpace" use="optional"/>
                              <xs:attribute type="xs:string" name="NameSpaceName" use="optional"/>
                            </xs:complexType>
                          </xs:element>
                        </xs:sequence>
                      </xs:complexType>
                    </xs:element>
                  </xs:sequence>
                  <xs:attribute type="xs:string" name="id" use="optional"/>
                </xs:complexType>
              </xs:element>
              <xs:element name="BookPack" maxOccurs="unbounded" minOccurs="0">
                <xs:complexType>
                  <xs:sequence>
                    <xs:element name="Pack" minOccurs="0">
                      <xs:complexType>
                        <xs:sequence>
                          <xs:element name="book">
                            <xs:complexType>
                              <xs:sequence>
                                <xs:element type="xs:string" name="author"/>
                                <xs:element type="xs:string" name="title"/>
                                <xs:element type="xs:string" name="genre"/>
                                <xs:element type="xs:float" name="price"/>
                                <xs:element type="xs:date" name="publish_date"/>
                                <xs:element type="xs:string" name="description" minOccurs="0"/>
                                <xs:element name="Author" maxOccurs="unbounded" minOccurs="0">
                                  <xs:complexType>
                                    <xs:sequence>
                                      <xs:element type="xs:string" name="Name"/>
                                      <xs:element type="xs:int" name="DOB"/>
                                      <xs:element name="QualifiedName" maxOccurs="unbounded" minOccurs="0">
                                        <xs:complexType>
                                          <xs:sequence>
                                            <xs:element type="xs:string" name="FormatName"/>
                                          </xs:sequence>
                                          <xs:attribute type="xs:string" name="Name" use="optional"/>
                                          <xs:attribute type="xs:string" name="NameSpace" use="optional"/>
                                          <xs:attribute type="xs:string" name="NameSpaceName" use="optional"/>
                                        </xs:complexType>
                                      </xs:element>
                                    </xs:sequence>
                                  </xs:complexType>
                                </xs:element>
                              </xs:sequence>
                              <xs:attribute type="xs:string" name="id" use="optional"/>
                            </xs:complexType>
                          </xs:element>
                        </xs:sequence>
                        <xs:attribute type="xs:byte" name="ID" use="optional"/>
                      </xs:complexType>
                    </xs:element>
                    <xs:element type="xs:string" name="author" minOccurs="0"/>
                    <xs:element type="xs:string" name="title" minOccurs="0"/>
                    <xs:element type="xs:string" name="genre" minOccurs="0"/>
                    <xs:element type="xs:float" name="price" minOccurs="0"/>
                    <xs:element type="xs:date" name="publish_date" minOccurs="0"/>
                  </xs:sequence>
                  <xs:attribute type="xs:string" name="id" use="optional"/>
                </xs:complexType>
              </xs:element>
            </xs:choice>
            <xs:attribute type="xs:string" name="name" use="optional"/>
          </xs:complexType>
        </xs:element>
        <xs:element name="Reference">
          <xs:complexType>
            <xs:simpleContent>
              <xs:extension base="xs:string">
                <xs:attribute type="xs:string" name="Name"/>
              </xs:extension>
            </xs:simpleContent>
          </xs:complexType>
        </xs:element>
      </xs:sequence>
    </xs:complexType>
  </xs:element>
</xs:schema>
