﻿<?xml version="1.0" encoding="utf-8" ?>
<Collection>
  <Catalog Name="Catalog1">
    <Book Name="C#">
      <Authour>
        <Name>Delly</Name>
      </Authour>
      <Publication Name=" MY books :Pub"></Publication>
    </Book>
  </Catalog>
  <Catalog Name="Catalog2">
    <Book Name="C#">
      <Authour>
        <Name>catalog 2 aut1</Name>
      </Authour>
      <Authour>
        <Name>catalog 2 aut2</Name>
      </Authour>
      <Publication Name=" catalog 2 aut1 2MY books :Pub"></Publication>
    </Book>
  </Catalog>
  <Catalog Name="Catalog3">
    <Book Name="C#1"></Book>
    <Book Name="C#2"></Book>
    <Book Name="C#3"></Book>
  </Catalog>

</Collection>