﻿<?xml version="1.0" encoding="utf-8" ?>
<Root>
<Query>
  <Where>
    <Eq>
      <FieldRef Name="Title" />
      <Value Type="Text">ABC VALUE</Value>
    </Eq>
  </Where>
  
</Query>
  <Query>
    <Where>
      <Contains>
        <FieldRef Name="Title" />
        <Value Type="Text">Some Text</Value>
      </Contains>
    </Where>
  </Query>
  
  <Query>
    <Where>
      <Eq>
        <FieldRef Name="SomeLookupcolumn" LookupId="TRUE" />
        <Value Type="Lookup">4</Value>
      </Eq>
    </Where>
  </Query>

  <Query>
    <Where>
      <Eq>
        <FieldRef Name="Author" LookupId="TRUE" />
        <Value Type="Integer">
          <UserID />
        </Value>
      </Eq>
    </Where>
  </Query>
  
  <Query>
    <Where>
      <Eq>
        <FieldRef Name="SomeLookupColumn" />
        <Value Type="Lookup">GujaratState</Value>
      </Eq>
    </Where>
  </Query>
  <Query>
    <Where>
      <Eq>
        <FieldRef Name="Modified" />
        <Value Type="DateTime">
          <Today />
        </Value>
      </Eq>
    </Where>
  </Query>
  <Query>
    <Where>
      <And>
        <Or>
          <Eq>
            <FieldRef Name='FirstName' />
            <Value Type='Text'>John</Value>
          </Eq>
          <Or>
            <Eq>
              <FieldRef Name='LastName' />
              <Value Type='Text'>John</Value>
            </Eq>
            <Eq>
              <FieldRef Name='Profile' />
              <Value Type='Text'>John</Value>
            </Eq>
          </Or>
        </Or>
        
        <And>
          <Or>
            <Eq>
              <FieldRef Name='FirstName' />
              <Value Type='Text'>Doe</Value>
            </Eq>
            <Or>
              <Eq>
                <FieldRef Name='LastName' />
                <Value Type='Text'>Doe</Value>
              </Eq>
              <Eq>
                <FieldRef Name='Profile' />
                <Value Type='Text'>Doe</Value>
              </Eq>
            </Or>
          </Or>
          <Or>
            <Eq>
              <FieldRef Name='FirstName' />
              <Value Type='Text'>123</Value>
            </Eq>
            <Or>
              <Eq>
                <FieldRef Name='LastName' />
                <Value Type='Text'>123</Value>
              </Eq>
              <Eq>
                <FieldRef Name='Profile' />
                <Value Type='Text'>123</Value>
              </Eq>
            </Or>
          </Or>
        </And>
      </And>
    </Where>

  </Query>

  <Where>
    <And>
      <Or>
        <Eq>
          <FieldRef Name='FirstName' />
          <Value Type='Text'>John</Value>
        </Eq>
        <Or>
          <Eq>
            <FieldRef Name='LastName' />
            <Value Type='Text'>John</Value>
          </Eq>
          <Eq>
            <FieldRef Name='Profile' />
            <Value Type='Text'>John</Value>
          </Eq>
        </Or>
      </Or>
      <And>
        <Or>
          <Eq>
            <FieldRef Name='FirstName' />
            <Value Type='Text'>Doe</Value>
          </Eq>
          <Or>
            <Eq>
              <FieldRef Name='LastName' />
              <Value Type='Text'>Doe</Value>
            </Eq>
            <Eq>
              <FieldRef Name='Profile' />
              <Value Type='Text'>Doe</Value>
            </Eq>
          </Or>
        </Or>
        <Or>
          <Eq>
            <FieldRef Name='FirstName' />
            <Value Type='Text'>123</Value>
          </Eq>
          <Or>
            <Eq>
              <FieldRef Name='LastName' />
              <Value Type='Text'>123</Value>
            </Eq>
            <Eq>
              <FieldRef Name='Profile' />
              <Value Type='Text'>123</Value>
            </Eq>
          </Or>
        </Or>
      </And>
    </And>
  </Where>
  
</Root>