﻿<?xml version="1.0" encoding="utf-8" standalone="yes" ?>
<!DOCTYPE LayoutCollection [
  <!ELEMENT LayoutCollection (LayoutElementCollection?, Layout*)>

  <!ELEMENT LayoutElementCollection (LayoutElement*)>

  <!ELEMENT Layout (FilterLayout?, LayoutHeader?, ContentWrap?,  LayoutFooter?)>
  <!ATTLIST Layout FilterLayout CDATA #IMPLIED>
  <!ATTLIST Layout Type (View|Edit|Filter) #IMPLIED>

  <!ELEMENT LayoutElement (Attribute*, Filler?, LayoutElement*, DataControlElement*)>
  <!ATTLIST LayoutElement Name CDATA #IMPLIED>
  <!ATTLIST LayoutElement Style CDATA #IMPLIED>
  <!ATTLIST LayoutElement RenderAs (Placeholder|Table|Row|Cell|Heading|Block|Inline|Legend|Fieldset|Paragraph|HtmlTemplate|AjaxSubmit|Submit|Anchor|Break|Button) #REQUIRED>
  <!ATTLIST LayoutElement Inherit CDATA #IMPLIED>
  <!ATTLIST LayoutElement TemplateName CDATA #IMPLIED>


  <!ELEMENT Filler (Filler*)>
  <!ATTLIST Filler RenderAs (Cell|Block|Inline|RawText|HtmlEncodedText|NoBreakSpace) #REQUIRED>
  <!ATTLIST Filler Inherit CDATA #IMPLIED>
  <!ATTLIST Filler Value CDATA #IMPLIED>


  <!ELEMENT LayoutHeader (Filler*, LayoutElement*)>

  <!ELEMENT ContentWrap (Filler?, HeaderRow?, ForEachDataRow?)>
  <!ATTLIST ContentWrap RenderAs (Placeholder|Table|Row|Cell|Heading|Block|Inline|Legend|Fieldset|Paragraph|HtmlTemplate) #REQUIRED>

  <!ELEMENT LayoutFooter (Filler*, LayoutElement*)>

  <!ATTLIST Layout Name CDATA #IMPLIED>
  <!ATTLIST Layout DisplayObject CDATA #IMPLIED>
  <!ATTLIST Layout Inherit CDATA #IMPLIED>
  <!ATTLIST Layout UniqueName CDATA #IMPLIED>

  <!ELEMENT HeaderRow (Filler?,  ForEachHeaderCell?)>
  <!ATTLIST HeaderRow Style CDATA #IMPLIED>
  <!ATTLIST HeaderRow RenderAs (Placeholder|Table|Row|Cell|Heading|Block|Inline|Legend|Fieldset|Paragraph|HtmlTemplate) #REQUIRED>

  <!ELEMENT ForEachHeaderCell (LayoutElement*, ForCell*)>
  <!ATTLIST ForEachHeaderCell Style CDATA #IMPLIED>
  <!ATTLIST ForEachHeaderCell RenderAs (Placeholder|Table|Row|Cell|Heading|Block|Inline|Legend|Fieldset|Paragraph|HtmlTemplate) #REQUIRED>

  <!ELEMENT ForEachDataRow (Filler?, Attribute*, ForEachDataCell?)>
  <!ATTLIST ForEachDataRow Style CDATA #IMPLIED>
  <!ATTLIST ForEachDataRow RenderAs (Placeholder|Table|Row|Cell|Heading|Block|Inline|Legend|Fieldset|Paragraph|HtmlTemplate) #REQUIRED>

  <!ELEMENT ForEachDataCell (Filler*, Attribute*, LayoutElement*,  ForCell*)>
  <!ATTLIST ForEachDataCell Style CDATA #IMPLIED>
  <!ATTLIST ForEachDataCell RenderAs (Placeholder|Table|Row|Cell|Heading|Block|Inline|Legend|Fieldset|Paragraph|HtmlTemplate) #REQUIRED>

  <!ELEMENT ForCell (LayoutElement*)>
  <!ATTLIST ForCell Target CDATA  #REQUIRED>

  <!ELEMENT DataControlElement (Attribute*)>
  <!ATTLIST DataControlElement RenderAs (Label|TextBox|Dropdown|DisplayName) #REQUIRED>
  <!ATTLIST DataControlElement Style CDATA #IMPLIED>
  <!ATTLIST DataControlElement For CDATA #IMPLIED>

  <!ELEMENT Attribute EMPTY>
  <!ATTLIST Attribute Name CDATA #REQUIRED>
  <!ATTLIST Attribute Value CDATA #REQUIRED>


  <!ELEMENT FilterLayout (Filler?,  ForEachFilter?)>
  <!ATTLIST FilterLayout Style CDATA #IMPLIED>
  <!ATTLIST FilterLayout RenderAs (Placeholder|Table|Row|Cell|Heading|Block|Inline|Legend|Fieldset|Paragraph|HtmlTemplate) #REQUIRED>


  <!ELEMENT ForEachFilter (LayoutElement*, ForCell*)>
  <!ATTLIST ForEachFilter Style CDATA #IMPLIED>
  <!ATTLIST ForEachFilter RenderAs (Placeholder|Table|Row|Cell|Heading|Block|Inline|Legend|Fieldset|Paragraph|HtmlTemplate) #REQUIRED>

]>


<LayoutCollection>

  <LayoutElementCollection>

    <LayoutElement RenderAs="Block" Name="Heading-Cell-Template" >
      <DataControlElement RenderAs="DisplayName"></DataControlElement>
    </LayoutElement>

    <LayoutElement RenderAs="Block" Name="Layout-Edit-Element">
      <LayoutElement RenderAs="Inline">
        <DataControlElement RenderAs="TextBox">
        </DataControlElement>
      </LayoutElement>
    </LayoutElement>

    <LayoutElement RenderAs="Block" Name="Layout-View-Element">
      <LayoutElement RenderAs="Inline">
        <DataControlElement RenderAs="Label">
        </DataControlElement>
      </LayoutElement>
    </LayoutElement>


  </LayoutElementCollection>

  <Layout Name="Grid-Edit-Layout" Type="Edit" FilterLayout="Grid-Filter">
    <LayoutHeader>
      <LayoutElement RenderAs="Block">
      </LayoutElement>
    </LayoutHeader>

    <ContentWrap RenderAs="Table">
      <HeaderRow RenderAs="Row">
        <ForEachHeaderCell RenderAs="Cell">
          <LayoutElement RenderAs="Placeholder" Inherit="Heading-Cell-Template"></LayoutElement>
        </ForEachHeaderCell>
      </HeaderRow>

      <ForEachDataRow RenderAs="Row">
        <ForEachDataCell RenderAs="Cell">
          <LayoutElement Inherit="Layout-Edit-Element" RenderAs="Placeholder">          </LayoutElement>
        </ForEachDataCell>
      </ForEachDataRow>

    </ContentWrap>
    <LayoutFooter>
      <LayoutElement RenderAs="Button">
        <Attribute Name="Value" Value="Submit"/>
      </LayoutElement>
    </LayoutFooter>
  </Layout>

  <Layout Name="Grid-Filter" Type="Filter">
    <FilterLayout RenderAs="Table">
      <ForEachFilter RenderAs="Cell"></ForEachFilter>
    </FilterLayout>
  </Layout>


  <Layout Name="Grid-View-Layout">
    <LayoutHeader>
      <LayoutElement RenderAs="Block">
      </LayoutElement>
    </LayoutHeader>

    <ContentWrap RenderAs="Table">
      <HeaderRow RenderAs="Row">
        <ForEachHeaderCell RenderAs="Cell">
          <LayoutElement RenderAs="Placeholder" Inherit="Heading-Cell-Template"></LayoutElement>
        </ForEachHeaderCell>
      </HeaderRow>

      <ForEachDataRow RenderAs="Row">
        <ForEachDataCell RenderAs="Cell">
          <LayoutElement Inherit="Layout-View-Element" RenderAs="Placeholder"></LayoutElement>
        </ForEachDataCell>
      </ForEachDataRow>

    </ContentWrap>
    <LayoutFooter>
      <LayoutElement RenderAs="Placeholder">
      </LayoutElement>
    </LayoutFooter>
  </Layout>

  <Layout Name="View-Layout">
    <ContentWrap RenderAs="Table">
      <ForEachDataRow RenderAs="Placeholder">
        <ForEachDataCell RenderAs="Row">

          <LayoutElement RenderAs="Cell">
            <DataControlElement RenderAs="DisplayName"></DataControlElement>
          </LayoutElement>
          <LayoutElement RenderAs="Cell">
            <DataControlElement RenderAs="Label"></DataControlElement>
          </LayoutElement>

          <ForCell Target="Name">
            <LayoutElement RenderAs="Placeholder">
            </LayoutElement>
          </ForCell>
        </ForEachDataCell>
      </ForEachDataRow>

    </ContentWrap>
  </Layout>

  <Layout Name="Edit-Layout" >
    <ContentWrap RenderAs="Table">
      <ForEachDataRow RenderAs="Placeholder">
        <ForEachDataCell RenderAs="Row">
          <LayoutElement RenderAs="Cell">
            <DataControlElement RenderAs="DisplayName"></DataControlElement>
          </LayoutElement>
          <LayoutElement RenderAs="Cell">
            <DataControlElement RenderAs="TextBox"></DataControlElement>
          </LayoutElement>
        </ForEachDataCell>
      </ForEachDataRow>
    </ContentWrap>

    <LayoutFooter>
      <LayoutElement RenderAs="Button">
        <Attribute Name="Value" Value="Summit"/>
      </LayoutElement>
    </LayoutFooter>
  </Layout>

  <!--matrix/staff/grid-editlyout/?year=2001&class=x-->
</LayoutCollection>

