﻿<?xml version="1.0" encoding="utf-8" standalone="yes" ?>
<Rules>


  <Rule TargetEntity="PurchaseOrder">
    <Condition>
      <Logical Operator="AND">
        <Comparision Operator="LT" >
          <Operand Type="Calculated">
            <Calculation Operator="Addition">
              <Operand Type="Mapped"  MappingField="A">
              </Operand>
              <Operand Type="Mapped" MappingField="B">
              </Operand>
            </Calculation>
          </Operand>
          <Operand Type="Calculated"  >
            <Calculation Operator="Addition">
              <Operand Type="Mapped"  MappingField="C">
              </Operand>
              <Operand Type="Mapped" MappingField="D">
              </Operand>
              <Operand Type="Mapped" MappingField="D">
              </Operand>
              <Operand Type="Mapped" MappingField="D">
              </Operand>
            </Calculation>
          </Operand>
        </Comparision>
        <Comparision Operator="NEQ" >
          <Operand Type="Calculated"  >
            <Calculation Operator="StringConcat" ID="R1">
              <Operand Type="Mapped"  MappingField="S1">
              </Operand>
              <Operand Type="Mapped" MappingField="S2">
              </Operand>
            </Calculation>
          </Operand>
          <Operand Type="Fixed">
            <Value>Gurbhej Singh</Value>
          </Operand>
        </Comparision>

      </Logical>
    </Condition>
    <Action>
      <Assignment>
        
      </Assignment>
    </Action>
  </Rule>

  <Rule Level="PurchaseOrder">
    <Condition>
      <Logical Operator="OR">
        <Comparision Operator="GT">
          <Operand Type="Fix|Map|Calculate"  MappingField="Name">
            <FixedValue>Gurpreet</FixedValue>

            <Calculation Operator="Multiply">
              <Operand Type="Fixed|Mapped"  MappingField="Name">
                <FixedValue>Gurpreet</FixedValue>
              </Operand>
              <Operand Type="Fixed|Mapped" MappingField="Name">
                <FixedValue></FixedValue>
              </Operand>
            </Calculation>

          </Operand>
          <Operand Type="Fixed|Mapped|Calculation" MappingField="Name">
            <FixedValue></FixedValue>
          </Operand>
        </Comparision>


        <Comparision Operator="GT">
          <Operand Type="Fixed|Mapped|Calculation"  MappingField="Name">
            <FixedValue>Gurpreet</FixedValue>

            <Calculation Operator="Multiply">
              <Operand Type="Fixed|Mapped"  MappingField="Name">
                <FixedValue>Gurpreet</FixedValue>
              </Operand>
              <Operand Type="Fixed|Mapped" MappingField="Name">
                <FixedValue></FixedValue>
              </Operand>
            </Calculation>

          </Operand>
          <Operand Type="Fixed|Mapped|Calculation" MappingField="Name">
            <FixedValue></FixedValue>
          </Operand>
        </Comparision>
      </Logical>

      <Logical Operator="AND">

      </Logical>

      <Comparision Operator="GT">
        <Operand Type="Fixed|Mapped|Calculation"  MappingField="Name">
          <FixedValue>Gurpreet</FixedValue>

          <Calculation Operator="Multiply">
            <Operand Type="Fixed|Mapped"  MappingField="Name">
              <FixedValue>Gurpreet</FixedValue>
            </Operand>
            <Operand Type="Fixed|Mapped" MappingField="Name">
              <FixedValue></FixedValue>
            </Operand>
          </Calculation>

        </Operand>
        <Operand Type="Fixed|Mapped|Calculation" MappingField="Name">
          <FixedValue></FixedValue>
        </Operand>
      </Comparision>

      <Calculation Operator="Multiply">
        <Operand Type="Fixed|Mapped"  MappingField="Name">
          <FixedValue>Gurpreet</FixedValue>
        </Operand>
        <Operand Type="Fixed|Mapped" MappingField="Name">
          <FixedValue></FixedValue>
        </Operand>
      </Calculation>

      <Calculation Operator="StringConcat">
        <Operand Type="Fixed|Mapped"  MappingField="Name">
          <FixedValue>Gurpreet</FixedValue>
        </Operand>
        <Operand Type="Fixed|Mapped" MappingField="Name">
          <FixedValue></FixedValue>
        </Operand>
      </Calculation>

      <Calculation Operator="Subtract">
        <Operand Type="Fixed|Mapped"  MappingField="Name">
          <FixedValue>Gurpreet</FixedValue>
        </Operand>
        <Operand Type="Fixed|Mapped" MappingField="Name">
          <FixedValue></FixedValue>
        </Operand>
      </Calculation>
    </Condition>
  </Rule>

</Rules>